Turbidity,Nitrogen,E.Coli,Phosphorus,period
39,39,39,306,1990-2017
39,39,39,223,1998-2017
39,39,39,39,2008-2017
40,40,40,40,2008-2017
40,40,40,221,1998-2017
117,117,117,238,1998-2017
117,117,117,117,2008-2017
40,40,40,227,1998-2017
40,40,40,40,2008-2017
40,220,40,220,1998-2017
40,220,40,40,2008-2017
40,40,40,220,1998-2017
40,40,40,40,2008-2017
40,40,40,40,2008-2017
40,40,40,311,1990-2017
40,40,40,228,1998-2017
117,117,117,117,2008-2017
117,117,117,244,1998-2017
117,117,117,117,2008-2017
117,117,117,243,1998-2017
118,118,118,118,2008-2017
40,40,40,317,1990-2017
40,40,40,234,1998-2017
40,40,40,40,2008-2017
118,118,118,246,1998-2017
118,118,118,118,2008-2017
118,118,118,101,1990-2017
118,247,118,118,2008-2017
118,247,118,101,1990-2017
118,247,118,246,1998-2017
119,247,119,319,1990-2017
119,318,119,319,1990-2017
119,247,119,246,1998-2017
119,318,119,119,2008-2017
119,118,119,246,1998-2017
119,118,119,319,1990-2017
119,118,119,119,2008-2017
119,247,119,119,2008-2017
119,318,119,246,1998-2017
120,120,120,307,1990-2017
120,120,120,247,1998-2017
120,120,120,120,2008-2017
117,117,117,117,2008-2017
117,117,117,238,1998-2017
117,117,117,321,1990-2017
119,119,119,101,1990-2017
119,247,119,101,1990-2017
119,247,119,119,2008-2017
119,119,119,119,2008-2017
119,247,119,246,1998-2017
119,119,119,246,1998-2017
119,119,119,246,1998-2017
119,248,119,246,1998-2017
119,119,119,119,2008-2017
119,248,119,101,1990-2017
119,248,119,119,2008-2017
119,119,119,101,1990-2017
117,117,116,117,2008-2017
117,117,116,245,1998-2017
117,117,117,117,2008-2017
117,117,117,244,1998-2017
118,118,118,118,2008-2017
40,40,40,40,2008-2017
40,40,40,227,1998-2017
40,40,40,311,1990-2017
118,118,118,118,2008-2017
36,36,36,36,2008-2017
36,36,36,36,2008-2017
36,36,36,36,2008-2017
36,36,36,36,2008-2017
36,36,36,36,2008-2017
108,108,108,108,2008-2017
119,36,119,116,2008-2017
119,36,118,117,2008-2017
119,36,119,117,2008-2017
111,36,111,37,2008-2017
111,36,111,108,2008-2017
111,36,111,108,2008-2017
111,108,111,109,2008-2017
119,36,120,117,2008-2017
111,108,111,109,2008-2017
120,36,120,117,2008-2017
118,36,118,116,2008-2017
120,108,119,120,2008-2017
120,108,119,120,2008-2017
120,36,119,120,2008-2017
120,36,119,120,2008-2017
36,108,36,110,2008-2017
120,119,120,120,2008-2017
37,37,37,37,2008-2017
115,115,116,116,2008-2017
116,116,117,117,2008-2017
119,118,116,118,2008-2017
116,238,243,245,1998-2017
116,238,114,109,1990-2017
116,238,108,109,1990-2017
116,108,114,109,1990-2017
116,116,243,245,1998-2017
116,108,108,116,2008-2017
116,238,243,109,1990-2017
116,238,114,245,1998-2017
116,108,114,116,2008-2017
116,238,108,116,2008-2017
116,238,108,245,1998-2017
116,116,114,116,2008-2017
116,116,243,109,1990-2017
116,108,108,109,1990-2017
116,108,243,109,1990-2017
116,116,243,116,2008-2017
116,238,243,116,2008-2017
116,116,108,109,1990-2017
116,116,114,245,1998-2017
116,108,114,245,1998-2017
116,108,243,116,2008-2017
116,116,108,116,2008-2017
116,238,114,116,2008-2017
116,108,243,245,1998-2017
116,116,114,109,1990-2017
116,116,108,245,1998-2017
116,108,108,245,1998-2017
119,110,247,110,1990-2017
119,119,108,110,1990-2017
119,119,117,249,1998-2017
119,119,247,249,1998-2017
119,119,117,119,2008-2017
119,119,247,119,2008-2017
119,243,247,249,1998-2017
119,243,247,119,2008-2017
119,119,247,110,1990-2017
119,243,108,249,1998-2017
119,110,108,110,1990-2017
119,110,108,249,1998-2017
119,110,117,110,1990-2017
119,243,117,249,1998-2017
119,110,108,119,2008-2017
119,110,117,119,2008-2017
119,243,117,110,1990-2017
119,243,247,110,1990-2017
119,243,117,119,2008-2017
119,119,117,110,1990-2017
119,110,247,249,1998-2017
119,243,108,119,2008-2017
119,243,108,110,1990-2017
119,119,108,119,2008-2017
119,110,117,249,1998-2017
119,110,247,119,2008-2017
119,119,108,249,1998-2017
115,116,117,117,2008-2017
117,101,244,247,1998-2017
117,118,116,118,2008-2017
117,101,244,101,1990-2017
117,101,116,101,1990-2017
117,238,244,101,1990-2017
117,101,244,118,2008-2017
117,118,244,118,2008-2017
117,118,116,101,1990-2017
117,101,116,247,1998-2017
117,118,116,247,1998-2017
117,238,244,247,1998-2017
117,238,116,118,2008-2017
117,238,244,118,2008-2017
117,101,116,118,2008-2017
117,118,244,101,1990-2017
117,238,116,101,1990-2017
117,238,116,247,1998-2017
117,118,244,247,1998-2017
39,39,39,39,2008-2017
112,114,114,114,2008-2017
114,114,114,114,2008-2017
118,110,117,118,2008-2017
118,118,108,237,1998-2017
118,110,238,118,2008-2017
118,110,108,237,1998-2017
118,233,238,237,1998-2017
118,233,238,110,1990-2017
118,118,238,118,2008-2017
118,110,108,110,1990-2017
118,233,108,237,1998-2017
118,110,238,110,1990-2017
118,110,117,237,1998-2017
118,110,117,110,1990-2017
118,118,117,110,1990-2017
118,233,108,118,2008-2017
118,118,238,237,1998-2017
118,233,238,118,2008-2017
118,233,117,110,1990-2017
118,118,108,118,2008-2017
118,233,108,110,1990-2017
118,233,117,118,2008-2017
118,110,108,118,2008-2017
118,233,117,237,1998-2017
118,118,108,110,1990-2017
118,118,117,118,2008-2017
118,118,117,237,1998-2017
118,118,238,110,1990-2017
118,110,238,237,1998-2017
117,84,84,84,1998-2017
117,117,116,117,2008-2017
117,117,84,117,2008-2017
117,84,84,117,2008-2017
117,117,84,84,1998-2017
117,117,116,84,1998-2017
117,84,116,84,1998-2017
117,84,116,117,2008-2017
116,116,116,116,2008-2017
120,120,120,120,2008-2017
120,119,120,120,2008-2017
120,120,120,120,2008-2017
120,120,120,120,2008-2017
113,113,111,113,2008-2017
40,40,40,40,2008-2017
40,40,40,40,2008-2017
39,39,39,39,2008-2017
38,38,38,38,2008-2017
40,40,40,40,2008-2017
40,40,40,40,2008-2017
40,84,40,40,2008-2017
40,84,40,81,1998-2017
40,40,40,81,1998-2017
40,40,40,40,2008-2017
40,83,40,40,2008-2017
40,83,40,80,1998-2017
40,40,40,40,2008-2017
40,40,40,80,1998-2017
40,84,40,40,2008-2017
40,40,40,81,1998-2017
40,84,40,81,1998-2017
40,40,40,40,2008-2017
38,82,38,79,1998-2017
38,82,38,38,2008-2017
38,38,38,38,2008-2017
38,38,38,79,1998-2017
39,83,39,39,2008-2017
39,39,39,80,1998-2017
39,39,39,39,2008-2017
39,83,39,80,1998-2017
40,40,40,40,2008-2017
40,40,40,40,2008-2017
40,40,40,40,2008-2017
40,40,40,40,2008-2017
40,75,40,40,2008-2017
40,40,40,73,1998-2017
40,40,40,40,2008-2017
40,75,40,73,1998-2017
40,83,40,40,2008-2017
40,83,40,80,1998-2017
40,40,40,40,2008-2017
40,40,40,80,1998-2017
40,81,40,78,1998-2017
40,40,40,40,2008-2017
40,40,40,78,1998-2017
40,81,40,40,2008-2017
40,40,40,40,2008-2017
39,39,39,39,2008-2017
40,78,40,75,1998-2017
40,78,40,40,2008-2017
40,40,40,40,2008-2017
40,40,40,75,1998-2017
40,78,40,40,2008-2017
40,78,40,75,1998-2017
40,40,40,40,2008-2017
40,40,40,75,1998-2017
40,40,40,40,2008-2017
40,40,40,73,1998-2017
40,75,40,73,1998-2017
40,75,40,40,2008-2017
40,40,40,40,2008-2017
40,40,40,40,2008-2017
40,40,40,40,2008-2017
40,40,39,77,1998-2017
40,80,39,40,2008-2017
40,40,39,40,2008-2017
40,80,39,77,1998-2017
40,40,40,40,2008-2017
40,40,40,81,1998-2017
40,84,40,40,2008-2017
40,84,40,81,1998-2017
40,84,40,81,1998-2017
40,84,40,40,2008-2017
40,40,40,81,1998-2017
40,40,40,40,2008-2017
40,40,40,40,2008-2017
40,40,40,40,2008-2017
39,39,39,39,2008-2017
40,40,40,40,2008-2017
40,40,40,40,2008-2017
40,39,40,39,2008-2017
39,40,40,40,2008-2017
39,40,40,40,2008-2017
39,40,40,40,2008-2017
39,40,40,40,2008-2017
39,40,40,40,2008-2017
118,118,117,118,2008-2017
118,118,117,102,1990-2017
118,118,117,246,1998-2017
118,246,117,118,2008-2017
118,246,117,102,1990-2017
118,246,117,246,1998-2017
119,119,118,119,2008-2017
119,119,118,247,1998-2017
119,247,118,247,1998-2017
119,247,118,119,2008-2017
119,119,40,247,1998-2017
119,247,40,101,1990-2017
119,119,40,101,1990-2017
119,247,40,119,2008-2017
119,247,40,247,1998-2017
119,119,40,119,2008-2017
40,40,40,40,2008-2017
40,80,40,40,2008-2017
40,80,40,80,1998-2017
40,40,40,80,1998-2017
40,40,40,40,2008-2017
40,40,40,82,1998-2017
40,82,40,40,2008-2017
40,82,40,82,1998-2017
40,40,40,40,2008-2017
119,247,118,119,2008-2017
119,247,118,247,1998-2017
119,119,118,247,1998-2017
119,119,118,119,2008-2017
40,40,40,40,2008-2017
40,40,40,40,2008-2017
119,247,118,119,2008-2017
119,119,118,101,1990-2017
119,247,118,247,1998-2017
119,119,118,119,2008-2017
119,119,118,247,1998-2017
119,247,118,101,1990-2017
40,84,40,40,2008-2017
40,84,40,102,1990-2017
40,84,40,84,1998-2017
40,40,40,40,2008-2017
40,40,40,102,1990-2017
40,40,40,84,1998-2017
116,246,116,102,1990-2017
116,116,116,102,1990-2017
116,246,116,245,1998-2017
116,116,116,116,2008-2017
116,116,116,245,1998-2017
116,246,116,116,2008-2017
40,82,40,82,1998-2017
40,40,40,82,1998-2017
40,40,40,40,2008-2017
40,82,40,40,2008-2017
40,40,40,40,2008-2017
40,82,40,82,1998-2017
40,82,40,40,2008-2017
40,40,40,82,1998-2017
40,40,40,40,2008-2017
40,39,40,39,2008-2017
40,40,40,40,2008-2017
40,40,40,40,2008-2017
40,40,40,40,2008-2017
40,40,40,40,2008-2017
39,39,39,39,2008-2017
40,39,40,39,2008-2017
40,40,40,40,2008-2017
40,40,40,40,2008-2017
40,40,40,40,2008-2017
40,40,40,40,2008-2017
40,40,40,40,2008-2017
36,36,36,36,2008-2017
40,40,40,40,2008-2017
40,40,40,40,2008-2017
40,40,40,40,2008-2017
36,36,36,36,2008-2017
40,40,40,40,2008-2017
40,40,40,40,2008-2017
40,40,40,40,2008-2017
39,39,39,39,2008-2017
40,40,40,40,2008-2017
119,118,119,118,2008-2017
115,114,115,114,2008-2017
40,40,40,40,2008-2017
37,37,37,37,2008-2017
39,40,40,40,2008-2017
39,40,40,40,2008-2017
37,37,37,37,2008-2017
40,40,40,40,2008-2017
40,40,40,40,2008-2017
40,40,39,40,2008-2017
40,40,40,40,2008-2017
39,39,39,39,2008-2017
40,40,40,40,2008-2017
40,40,40,40,2008-2017
40,40,40,40,2008-2017
39,39,39,39,2008-2017
40,40,40,40,2008-2017
40,40,40,40,2008-2017
40,40,40,40,2008-2017
38,38,38,38,2008-2017
119,118,119,118,2008-2017
40,40,40,40,2008-2017
40,39,40,39,2008-2017
40,78,40,40,2008-2017
40,40,40,40,2008-2017
40,40,40,78,1998-2017
40,78,40,78,1998-2017
40,40,40,40,2008-2017
40,40,40,40,2008-2017
40,40,40,40,2008-2017
39,39,39,80,1998-2017
39,39,39,39,2008-2017
39,83,39,80,1998-2017
39,83,39,39,2008-2017
39,39,39,39,2008-2017
39,40,40,40,2008-2017
39,39,39,39,2008-2017
40,40,40,40,2008-2017
108,120,119,120,2008-2017
120,120,234,251,1998-2017
120,120,234,334,1990-2017
120,120,120,251,1998-2017
120,120,234,120,2008-2017
120,120,120,334,1990-2017
120,120,120,120,2008-2017
119,120,120,120,2008-2017
119,228,120,220,1998-2017
119,120,120,220,1998-2017
119,228,120,120,2008-2017
223,120,120,120,2008-2017
223,228,120,220,1998-2017
223,120,120,220,1998-2017
223,228,120,120,2008-2017
118,120,120,120,2008-2017
109,119,119,119,2008-2017
36,119,118,119,2008-2017
119,227,120,219,1998-2017
119,119,220,219,1998-2017
119,119,120,119,2008-2017
119,227,220,119,2008-2017
119,227,220,219,1998-2017
119,119,120,219,1998-2017
119,119,220,119,2008-2017
119,227,120,119,2008-2017
223,227,120,219,1998-2017
223,119,220,219,1998-2017
223,119,120,119,2008-2017
223,227,220,119,2008-2017
223,227,220,219,1998-2017
223,119,120,219,1998-2017
223,119,220,119,2008-2017
223,227,120,119,2008-2017
119,119,79,119,2008-2017
119,119,40,251,1998-2017
119,119,40,119,2008-2017
119,119,79,251,1998-2017
119,119,79,251,1998-2017
119,119,40,119,2008-2017
119,119,79,119,2008-2017
119,119,40,251,1998-2017
120,120,40,120,2008-2017
120,120,40,252,1998-2017
120,120,80,252,1998-2017
120,120,80,120,2008-2017
120,120,80,120,2008-2017
120,120,40,120,2008-2017
120,120,80,252,1998-2017
120,120,40,252,1998-2017
120,120,39,120,2008-2017
120,120,79,251,1998-2017
120,120,79,120,2008-2017
120,120,39,251,1998-2017
120,120,40,120,2008-2017
120,120,80,120,2008-2017
120,120,80,252,1998-2017
120,120,40,252,1998-2017
119,119,80,119,2008-2017
119,119,40,251,1998-2017
119,119,80,251,1998-2017
119,119,40,119,2008-2017
120,120,40,252,1998-2017
120,120,79,120,2008-2017
120,120,79,252,1998-2017
120,120,40,120,2008-2017
120,120,80,120,2008-2017
120,120,40,120,2008-2017
120,120,40,252,1998-2017
120,120,80,252,1998-2017
120,120,79,120,2008-2017
120,120,40,120,2008-2017
120,120,40,252,1998-2017
120,120,79,252,1998-2017
120,120,40,120,2008-2017
120,120,80,120,2008-2017
120,120,80,252,1998-2017
120,120,40,120,2008-2017
120,120,40,252,1998-2017
120,120,80,120,2008-2017
120,120,40,120,2008-2017
120,120,40,252,1998-2017
120,120,80,252,1998-2017
120,120,79,252,1998-2017
120,120,79,120,2008-2017
120,120,40,252,1998-2017
120,120,40,120,2008-2017
115,115,38,120,2008-2017
115,115,38,252,1998-2017
115,115,78,120,2008-2017
115,115,78,252,1998-2017
120,120,80,252,1998-2017
120,120,40,252,1998-2017
120,120,40,120,2008-2017
120,120,80,120,2008-2017
119,119,40,251,1998-2017
119,119,40,119,2008-2017
119,119,77,119,2008-2017
119,119,77,251,1998-2017
119,119,79,119,2008-2017
119,119,40,119,2008-2017
119,119,40,251,1998-2017
119,119,79,251,1998-2017
120,120,80,120,2008-2017
120,120,40,252,1998-2017
120,120,80,252,1998-2017
120,120,40,120,2008-2017
120,120,40,120,2008-2017
120,120,40,252,1998-2017
120,120,80,120,2008-2017
120,120,80,252,1998-2017
118,118,79,250,1998-2017
118,118,39,250,1998-2017
118,118,79,118,2008-2017
118,118,39,118,2008-2017
118,118,40,118,2008-2017
118,118,79,250,1998-2017
118,118,40,250,1998-2017
118,118,79,118,2008-2017
119,119,40,119,2008-2017
119,119,40,250,1998-2017
119,119,80,119,2008-2017
119,119,80,250,1998-2017
118,118,39,249,1998-2017
118,118,39,118,2008-2017
118,118,79,118,2008-2017
118,118,79,249,1998-2017
120,120,40,252,1998-2017
120,120,40,120,2008-2017
120,120,80,120,2008-2017
120,120,80,252,1998-2017
120,120,40,120,2008-2017
120,120,80,120,2008-2017
120,120,80,251,1998-2017
120,120,40,251,1998-2017
119,119,79,251,1998-2017
119,119,40,251,1998-2017
119,119,79,119,2008-2017
119,119,40,119,2008-2017
119,119,40,119,2008-2017
119,119,80,119,2008-2017
119,119,40,251,1998-2017
119,119,80,251,1998-2017
119,119,79,251,1998-2017
119,119,40,119,2008-2017
119,119,79,119,2008-2017
119,119,40,251,1998-2017
119,119,40,251,1998-2017
119,119,79,119,2008-2017
119,119,79,251,1998-2017
119,119,40,119,2008-2017
118,118,80,118,2008-2017
118,118,40,249,1998-2017
118,118,40,118,2008-2017
118,118,80,249,1998-2017
119,119,40,119,2008-2017
119,119,40,251,1998-2017
119,119,80,251,1998-2017
119,119,80,119,2008-2017
120,120,80,252,1998-2017
120,120,40,252,1998-2017
120,120,40,120,2008-2017
120,120,80,120,2008-2017
119,120,40,251,1998-2017
119,120,40,120,2008-2017
119,120,80,251,1998-2017
119,120,80,120,2008-2017
119,119,39,119,2008-2017
119,119,78,250,1998-2017
119,119,39,250,1998-2017
119,119,78,119,2008-2017
120,120,80,252,1998-2017
120,120,80,120,2008-2017
120,120,40,252,1998-2017
120,120,40,120,2008-2017
120,120,40,111,2008-2017
120,120,40,243,1998-2017
120,120,79,243,1998-2017
120,120,79,111,2008-2017
120,120,40,120,2008-2017
120,120,40,252,1998-2017
120,120,80,252,1998-2017
120,120,80,120,2008-2017
120,120,77,242,1998-2017
120,120,40,242,1998-2017
120,120,77,120,2008-2017
120,120,40,120,2008-2017
120,120,40,120,2008-2017
120,120,40,252,1998-2017
120,120,80,120,2008-2017
120,120,80,252,1998-2017
120,120,80,120,2008-2017
120,120,40,120,2008-2017
120,120,40,252,1998-2017
120,120,80,252,1998-2017
119,119,40,119,2008-2017
119,119,40,251,1998-2017
119,119,77,119,2008-2017
119,119,77,251,1998-2017
120,120,80,120,2008-2017
120,120,40,252,1998-2017
120,120,80,252,1998-2017
120,120,40,120,2008-2017
120,120,80,252,1998-2017
120,120,40,252,1998-2017
120,120,40,120,2008-2017
120,120,80,120,2008-2017
120,120,40,120,2008-2017
120,120,80,252,1998-2017
120,120,40,252,1998-2017
120,120,80,120,2008-2017
120,120,79,252,1998-2017
120,120,40,252,1998-2017
120,120,40,120,2008-2017
120,120,79,120,2008-2017
120,120,40,252,1998-2017
120,120,80,120,2008-2017
120,120,40,120,2008-2017
120,120,80,252,1998-2017
120,120,80,120,2008-2017
120,120,40,120,2008-2017
120,120,80,251,1998-2017
120,120,40,251,1998-2017
120,120,80,120,2008-2017
120,120,40,252,1998-2017
120,120,80,252,1998-2017
120,120,40,120,2008-2017
120,120,40,252,1998-2017
120,120,40,120,2008-2017
120,120,80,120,2008-2017
120,120,80,252,1998-2017
120,120,118,252,1998-2017
120,120,118,335,1990-2017
120,120,237,120,2008-2017
120,120,237,252,1998-2017
120,120,118,120,2008-2017
120,120,237,335,1990-2017
120,120,237,120,2008-2017
120,120,237,335,1990-2017
120,120,117,120,2008-2017
120,120,117,252,1998-2017
120,120,237,252,1998-2017
120,120,117,335,1990-2017
120,120,237,120,2008-2017
120,120,237,336,1990-2017
120,120,237,252,1998-2017
120,120,118,252,1998-2017
120,120,118,120,2008-2017
120,120,118,336,1990-2017
120,120,118,120,2008-2017
119,119,117,119,2008-2017
119,119,236,119,2008-2017
119,119,117,335,1990-2017
119,119,236,251,1998-2017
119,119,236,335,1990-2017
119,119,117,251,1998-2017
119,119,117,334,1990-2017
119,119,236,334,1990-2017
119,119,117,119,2008-2017
119,119,117,251,1998-2017
119,119,236,119,2008-2017
119,119,236,251,1998-2017
120,120,237,252,1998-2017
120,120,237,112,1990-2017
120,120,237,120,2008-2017
120,120,118,120,2008-2017
120,120,118,252,1998-2017
120,120,118,112,1990-2017
119,119,235,334,1990-2017
119,119,235,251,1998-2017
119,119,116,251,1998-2017
119,119,235,119,2008-2017
119,119,116,334,1990-2017
119,119,116,119,2008-2017
110,110,108,111,1990-2017
110,110,227,110,2008-2017
110,110,108,110,2008-2017
110,110,227,111,1990-2017
110,110,227,242,1998-2017
110,110,108,242,1998-2017
120,120,80,252,1998-2017
120,120,40,252,1998-2017
120,120,40,120,2008-2017
120,120,80,120,2008-2017
120,120,40,252,1998-2017
120,120,40,120,2008-2017
120,120,80,120,2008-2017
120,120,80,252,1998-2017
119,119,40,110,2008-2017
119,119,79,110,2008-2017
119,119,79,242,1998-2017
119,119,40,242,1998-2017
119,119,80,119,2008-2017
119,119,40,251,1998-2017
119,119,80,251,1998-2017
119,119,40,119,2008-2017
120,120,40,243,1998-2017
120,120,80,243,1998-2017
120,120,40,111,2008-2017
120,120,80,111,2008-2017
120,120,40,120,2008-2017
120,120,40,251,1998-2017
120,120,80,251,1998-2017
120,120,80,120,2008-2017
120,120,40,120,2008-2017
120,120,40,252,1998-2017
120,120,80,252,1998-2017
120,120,80,120,2008-2017
120,120,40,252,1998-2017
120,120,80,252,1998-2017
120,120,40,120,2008-2017
120,120,80,120,2008-2017
118,118,40,118,2008-2017
118,118,80,118,2008-2017
118,118,80,250,1998-2017
118,118,40,250,1998-2017
118,118,80,118,2008-2017
118,118,40,118,2008-2017
118,118,80,249,1998-2017
118,118,40,249,1998-2017
120,120,40,252,1998-2017
120,120,80,252,1998-2017
120,120,80,120,2008-2017
120,120,40,120,2008-2017
120,120,40,120,2008-2017
120,120,80,120,2008-2017
120,120,80,252,1998-2017
120,120,40,252,1998-2017
118,119,40,250,1998-2017
118,119,80,250,1998-2017
118,119,40,119,2008-2017
118,119,80,119,2008-2017
120,120,80,251,1998-2017
120,120,40,120,2008-2017
120,120,80,120,2008-2017
120,120,40,251,1998-2017
120,120,80,252,1998-2017
120,120,40,252,1998-2017
120,120,40,120,2008-2017
120,120,80,120,2008-2017
119,119,39,251,1998-2017
119,119,39,119,2008-2017
119,119,79,251,1998-2017
119,119,79,119,2008-2017
119,119,40,119,2008-2017
120,120,40,120,2008-2017
120,120,80,120,2008-2017
120,120,80,252,1998-2017
120,120,40,252,1998-2017
120,120,40,120,2008-2017
119,119,236,335,1990-2017
119,119,236,251,1998-2017
119,119,236,119,2008-2017
120,120,120,120,2008-2017
120,120,120,120,2008-2017
120,120,120,120,2008-2017
120,120,120,120,2008-2017
119,119,119,119,2008-2017
120,120,120,120,2008-2017
120,120,119,120,2008-2017
120,120,120,120,2008-2017
120,120,120,120,2008-2017
120,120,120,120,2008-2017
119,119,119,119,2008-2017
119,119,119,119,2008-2017
119,119,119,119,2008-2017
119,119,119,119,2008-2017
119,119,119,119,2008-2017
119,119,119,119,2008-2017
115,115,115,115,2008-2017
118,118,118,118,2008-2017
112,112,112,112,2008-2017
117,117,117,117,2008-2017
117,117,117,117,2008-2017
116,116,116,116,2008-2017
119,119,119,119,2008-2017
117,117,117,117,2008-2017
116,116,115,116,2008-2017
120,120,120,120,2008-2017
118,118,118,118,2008-2017
38,38,38,38,2008-2017
116,116,116,116,2008-2017
116,116,116,116,2008-2017
117,117,117,117,2008-2017
116,116,116,116,2008-2017
116,116,116,116,2008-2017
36,38,40,84,1998-2017
36,38,40,40,2008-2017
39,111,117,114,2008-2017
39,111,117,83,1998-2017
39,108,114,115,2008-2017
39,108,114,82,1998-2017
39,108,115,115,2008-2017
39,108,115,83,1998-2017
37,38,40,83,1998-2017
37,38,40,40,2008-2017
36,37,40,40,2008-2017
36,37,40,82,1998-2017
38,39,39,39,2008-2017
39,40,112,84,1998-2017
39,40,112,114,2008-2017
39,108,114,115,2008-2017
37,37,40,82,1998-2017
36,39,40,40,2008-2017
37,37,40,40,2008-2017
37,37,40,83,1998-2017
39,40,113,116,2008-2017
39,40,113,83,1998-2017
38,37,40,81,1998-2017
38,37,40,40,2008-2017
36,37,40,40,2008-2017
36,37,40,74,1998-2017
39,109,112,114,2008-2017
37,110,113,113,2008-2017
38,39,109,110,2008-2017
36,37,40,40,2008-2017
37,38,40,40,2008-2017
39,40,109,110,2008-2017
37,108,109,110,2008-2017
38,40,108,110,2008-2017
118,118,118,118,2008-2017
120,120,120,120,2008-2017
113,114,113,114,2008-2017
36,108,108,108,2008-2017
116,117,116,117,2008-2017
120,120,120,120,2008-2017
118,118,118,118,2008-2017
119,120,120,120,2008-2017
119,120,118,119,2008-2017
118,120,120,120,2008-2017
118,119,118,119,2008-2017
114,114,114,114,2008-2017
119,120,120,120,2008-2017
114,114,114,114,2008-2017
120,120,120,120,2008-2017
120,120,120,120,2008-2017
111,113,113,113,2008-2017
118,120,120,120,2008-2017
119,120,119,120,2008-2017
119,120,119,120,2008-2017
113,114,113,114,2008-2017
116,118,118,118,2008-2017
111,113,113,113,2008-2017
119,120,119,120,2008-2017
117,119,117,118,2008-2017
119,120,120,120,2008-2017
113,114,114,114,2008-2017
112,114,114,114,2008-2017
118,118,118,118,2008-2017
119,120,119,120,2008-2017
113,114,113,114,2008-2017
114,114,112,114,2008-2017
120,120,118,120,2008-2017
119,119,117,119,2008-2017
120,120,120,120,2008-2017
111,113,113,113,2008-2017
112,114,114,114,2008-2017
114,112,112,112,2008-2017
117,118,117,118,2008-2017
117,118,117,117,2008-2017
113,113,113,113,2008-2017
116,118,118,118,2008-2017
117,119,119,119,2008-2017
113,114,113,114,2008-2017
115,115,114,115,2008-2017
119,120,119,120,2008-2017
40,40,40,40,2008-2017
119,120,118,119,2008-2017
117,118,118,118,2008-2017
118,119,119,119,2008-2017
113,114,113,114,2008-2017
113,113,114,113,2008-2017
116,117,117,117,2008-2017
36,116,116,116,2008-2017
109,110,110,110,2008-2017
118,119,118,118,2008-2017
115,119,119,118,2008-2017
120,120,120,120,2008-2017
120,120,120,120,2008-2017
117,118,117,117,2008-2017
113,114,114,114,2008-2017
119,120,119,120,2008-2017
118,120,118,119,2008-2017
118,119,118,118,2008-2017
111,111,111,111,2008-2017
36,36,36,36,2008-2017
118,120,120,120,2008-2017
119,120,120,120,2008-2017
112,119,119,119,2008-2017
40,40,40,40,2008-2017
39,39,39,39,2008-2017
36,36,36,36,2008-2017
38,38,38,38,2008-2017
120,120,119,120,2008-2017
119,119,119,119,2008-2017
119,119,118,119,2008-2017
120,120,120,120,2008-2017
118,118,118,118,2008-2017
118,118,118,118,2008-2017
116,116,116,116,2008-2017
109,109,109,109,2008-2017
109,109,109,109,2008-2017
110,110,110,110,2008-2017
115,115,115,115,2008-2017
117,117,117,117,2008-2017
118,118,118,118,2008-2017
119,119,119,119,2008-2017
111,111,111,111,2008-2017
109,109,109,109,2008-2017
113,113,113,113,2008-2017
111,110,111,110,2008-2017
113,112,113,112,2008-2017
112,112,112,112,2008-2017
115,115,115,115,2008-2017
119,119,119,119,2008-2017
40,40,40,40,2008-2017
335,322,120,119,2008-2017
335,251,120,251,1998-2017
335,251,120,119,2008-2017
335,251,120,334,1990-2017
335,119,120,119,2008-2017
335,322,120,334,1990-2017
335,322,120,251,1998-2017
335,119,120,334,1990-2017
335,119,120,251,1998-2017
252,322,120,119,2008-2017
252,251,120,251,1998-2017
252,251,120,119,2008-2017
252,251,120,334,1990-2017
252,119,120,119,2008-2017
252,322,120,334,1990-2017
252,322,120,251,1998-2017
252,119,120,334,1990-2017
252,119,120,251,1998-2017
120,322,120,119,2008-2017
120,251,120,251,1998-2017
120,251,120,119,2008-2017
120,251,120,334,1990-2017
120,119,120,119,2008-2017
120,322,120,334,1990-2017
120,322,120,251,1998-2017
120,119,120,334,1990-2017
120,119,120,251,1998-2017
120,321,120,118,2008-2017
120,118,120,118,2008-2017
120,118,120,333,1990-2017
120,250,120,333,1990-2017
120,321,120,250,1998-2017
120,250,120,250,1998-2017
120,250,120,118,2008-2017
120,321,120,333,1990-2017
120,118,120,250,1998-2017
252,321,120,118,2008-2017
252,118,120,118,2008-2017
252,118,120,333,1990-2017
252,250,120,333,1990-2017
252,321,120,250,1998-2017
252,250,120,250,1998-2017
252,250,120,118,2008-2017
252,321,120,333,1990-2017
252,118,120,250,1998-2017
335,321,120,118,2008-2017
335,118,120,118,2008-2017
335,118,120,333,1990-2017
335,250,120,333,1990-2017
335,321,120,250,1998-2017
335,250,120,250,1998-2017
335,250,120,118,2008-2017
335,321,120,333,1990-2017
335,118,120,250,1998-2017
119,120,120,249,1998-2017
119,251,120,332,1990-2017
119,322,120,120,2008-2017
119,120,120,332,1990-2017
119,322,120,249,1998-2017
119,322,120,332,1990-2017
119,251,120,249,1998-2017
119,251,120,120,2008-2017
119,120,120,120,2008-2017
250,120,120,249,1998-2017
250,251,120,332,1990-2017
250,322,120,120,2008-2017
250,120,120,332,1990-2017
250,322,120,249,1998-2017
250,322,120,332,1990-2017
250,251,120,249,1998-2017
250,251,120,120,2008-2017
250,120,120,120,2008-2017
333,120,120,249,1998-2017
333,251,120,332,1990-2017
333,322,120,120,2008-2017
333,120,120,332,1990-2017
333,322,120,249,1998-2017
333,322,120,332,1990-2017
333,251,120,249,1998-2017
333,251,120,120,2008-2017
333,120,120,120,2008-2017
330,246,117,117,2008-2017
330,246,117,247,1998-2017
330,246,117,329,1990-2017
330,117,117,247,1998-2017
330,117,117,117,2008-2017
330,316,117,329,1990-2017
330,117,117,329,1990-2017
330,316,117,117,2008-2017
330,316,117,247,1998-2017
248,246,117,117,2008-2017
248,246,117,247,1998-2017
248,246,117,329,1990-2017
248,117,117,247,1998-2017
248,117,117,117,2008-2017
248,316,117,329,1990-2017
248,117,117,329,1990-2017
248,316,117,117,2008-2017
248,316,117,247,1998-2017
117,246,117,117,2008-2017
117,246,117,247,1998-2017
117,246,117,329,1990-2017
117,117,117,247,1998-2017
117,117,117,117,2008-2017
117,316,117,329,1990-2017
117,117,117,329,1990-2017
117,316,117,117,2008-2017
117,316,117,247,1998-2017
120,322,120,120,2008-2017
120,322,120,251,1998-2017
120,251,120,334,1990-2017
120,251,120,251,1998-2017
120,120,120,334,1990-2017
120,120,120,120,2008-2017
120,251,120,120,2008-2017
120,322,120,334,1990-2017
120,120,120,251,1998-2017
334,322,120,120,2008-2017
334,322,120,251,1998-2017
334,251,120,334,1990-2017
334,251,120,251,1998-2017
334,120,120,334,1990-2017
334,120,120,120,2008-2017
334,251,120,120,2008-2017
334,322,120,334,1990-2017
334,120,120,251,1998-2017
251,322,120,120,2008-2017
251,322,120,251,1998-2017
251,251,120,334,1990-2017
251,251,120,251,1998-2017
251,120,120,334,1990-2017
251,120,120,120,2008-2017
251,251,120,120,2008-2017
251,322,120,334,1990-2017
251,120,120,251,1998-2017
332,316,119,118,2008-2017
332,316,119,248,1998-2017
332,316,119,330,1990-2017
332,118,119,248,1998-2017
332,246,119,330,1990-2017
332,246,119,118,2008-2017
332,246,119,248,1998-2017
332,118,119,118,2008-2017
332,118,119,330,1990-2017
250,316,119,118,2008-2017
250,316,119,248,1998-2017
250,316,119,330,1990-2017
250,118,119,248,1998-2017
250,246,119,330,1990-2017
250,246,119,118,2008-2017
250,246,119,248,1998-2017
250,118,119,118,2008-2017
250,118,119,330,1990-2017
119,316,119,118,2008-2017
119,316,119,248,1998-2017
119,316,119,330,1990-2017
119,118,119,248,1998-2017
119,246,119,330,1990-2017
119,246,119,118,2008-2017
119,246,119,248,1998-2017
119,118,119,118,2008-2017
119,118,119,330,1990-2017
119,251,119,335,1990-2017
119,251,119,251,1998-2017
119,251,119,119,2008-2017
119,323,119,251,1998-2017
119,323,119,119,2008-2017
119,119,119,335,1990-2017
119,119,119,251,1998-2017
119,323,119,335,1990-2017
119,119,119,119,2008-2017
251,251,119,335,1990-2017
251,251,119,251,1998-2017
251,251,119,119,2008-2017
251,323,119,251,1998-2017
251,323,119,119,2008-2017
251,119,119,335,1990-2017
251,119,119,251,1998-2017
251,323,119,335,1990-2017
251,119,119,119,2008-2017
335,251,119,335,1990-2017
335,251,119,251,1998-2017
335,251,119,119,2008-2017
335,323,119,251,1998-2017
335,323,119,119,2008-2017
335,119,119,335,1990-2017
335,119,119,251,1998-2017
335,323,119,335,1990-2017
335,119,119,119,2008-2017
120,251,120,251,1998-2017
120,251,120,335,1990-2017
120,120,120,120,2008-2017
120,323,120,251,1998-2017
120,323,120,335,1990-2017
120,251,120,120,2008-2017
120,323,120,120,2008-2017
120,120,120,251,1998-2017
120,120,120,335,1990-2017
336,251,120,251,1998-2017
336,251,120,335,1990-2017
336,120,120,120,2008-2017
336,323,120,251,1998-2017
336,323,120,335,1990-2017
336,251,120,120,2008-2017
336,323,120,120,2008-2017
336,120,120,251,1998-2017
336,120,120,335,1990-2017
252,251,120,251,1998-2017
252,251,120,335,1990-2017
252,120,120,120,2008-2017
252,323,120,251,1998-2017
252,323,120,335,1990-2017
252,251,120,120,2008-2017
252,323,120,120,2008-2017
252,120,120,251,1998-2017
252,120,120,335,1990-2017
335,323,120,333,1990-2017
335,251,120,333,1990-2017
335,251,120,119,2008-2017
335,323,120,119,2008-2017
335,251,120,251,1998-2017
335,323,120,251,1998-2017
335,119,120,251,1998-2017
335,119,120,333,1990-2017
335,119,120,119,2008-2017
251,323,120,333,1990-2017
251,251,120,333,1990-2017
251,251,120,119,2008-2017
251,323,120,119,2008-2017
251,251,120,251,1998-2017
251,323,120,251,1998-2017
251,119,120,251,1998-2017
251,119,120,333,1990-2017
251,119,120,119,2008-2017
119,323,120,333,1990-2017
119,251,120,333,1990-2017
119,251,120,119,2008-2017
119,323,120,119,2008-2017
119,251,120,251,1998-2017
119,323,120,251,1998-2017
119,119,120,251,1998-2017
119,119,120,333,1990-2017
119,119,120,119,2008-2017
251,119,119,251,1998-2017
251,119,119,335,1990-2017
251,323,119,251,1998-2017
251,323,119,335,1990-2017
251,323,119,119,2008-2017
251,251,119,335,1990-2017
251,119,119,119,2008-2017
251,251,119,251,1998-2017
251,251,119,119,2008-2017
335,119,119,251,1998-2017
335,119,119,335,1990-2017
335,323,119,251,1998-2017
335,323,119,335,1990-2017
335,323,119,119,2008-2017
335,251,119,335,1990-2017
335,119,119,119,2008-2017
335,251,119,251,1998-2017
335,251,119,119,2008-2017
119,119,119,251,1998-2017
119,119,119,335,1990-2017
119,323,119,251,1998-2017
119,323,119,335,1990-2017
119,323,119,119,2008-2017
119,251,119,335,1990-2017
119,119,119,119,2008-2017
119,251,119,251,1998-2017
119,251,119,119,2008-2017
252,251,118,251,1998-2017
252,323,118,120,2008-2017
252,251,118,120,2008-2017
252,120,118,120,2008-2017
252,251,118,334,1990-2017
252,120,118,334,1990-2017
252,120,118,251,1998-2017
252,323,118,334,1990-2017
252,323,118,251,1998-2017
335,251,118,251,1998-2017
335,323,118,120,2008-2017
335,251,118,120,2008-2017
335,120,118,120,2008-2017
335,251,118,334,1990-2017
335,120,118,334,1990-2017
335,120,118,251,1998-2017
335,323,118,334,1990-2017
335,323,118,251,1998-2017
120,251,118,251,1998-2017
120,323,118,120,2008-2017
120,251,118,120,2008-2017
120,120,118,120,2008-2017
120,251,118,334,1990-2017
120,120,118,334,1990-2017
120,120,118,251,1998-2017
120,323,118,334,1990-2017
120,323,118,251,1998-2017
252,120,119,251,1998-2017
252,120,119,120,2008-2017
252,323,119,335,1990-2017
252,251,119,335,1990-2017
252,323,119,120,2008-2017
252,251,119,251,1998-2017
252,323,119,251,1998-2017
252,120,119,335,1990-2017
252,251,119,120,2008-2017
336,120,119,251,1998-2017
336,120,119,120,2008-2017
336,323,119,335,1990-2017
336,251,119,335,1990-2017
336,323,119,120,2008-2017
336,251,119,251,1998-2017
336,323,119,251,1998-2017
336,120,119,335,1990-2017
336,251,119,120,2008-2017
120,120,119,251,1998-2017
120,120,119,120,2008-2017
120,323,119,335,1990-2017
120,251,119,335,1990-2017
120,323,119,120,2008-2017
120,251,119,251,1998-2017
120,323,119,251,1998-2017
120,120,119,335,1990-2017
120,251,119,120,2008-2017
336,120,119,120,2008-2017
336,120,119,251,1998-2017
336,251,119,251,1998-2017
336,120,119,334,1990-2017
336,251,119,120,2008-2017
336,323,119,251,1998-2017
336,251,119,334,1990-2017
336,323,119,120,2008-2017
336,323,119,334,1990-2017
252,120,119,120,2008-2017
252,120,119,251,1998-2017
252,251,119,251,1998-2017
252,120,119,334,1990-2017
252,251,119,120,2008-2017
252,323,119,251,1998-2017
252,251,119,334,1990-2017
252,323,119,120,2008-2017
252,323,119,334,1990-2017
120,120,119,120,2008-2017
120,120,119,251,1998-2017
120,251,119,251,1998-2017
120,120,119,334,1990-2017
120,251,119,120,2008-2017
120,323,119,251,1998-2017
120,251,119,334,1990-2017
120,323,119,120,2008-2017
120,323,119,334,1990-2017
336,322,120,251,1998-2017
336,120,234,120,2008-2017
336,322,234,120,2008-2017
336,120,120,251,1998-2017
336,322,234,335,1990-2017
336,120,120,120,2008-2017
336,120,120,335,1990-2017
336,120,234,251,1998-2017
336,322,120,335,1990-2017
336,251,120,120,2008-2017
336,251,120,335,1990-2017
336,322,120,120,2008-2017
336,251,234,120,2008-2017
336,120,234,335,1990-2017
336,322,234,251,1998-2017
336,251,234,251,1998-2017
336,251,120,251,1998-2017
336,251,234,335,1990-2017
120,322,120,251,1998-2017
120,120,234,120,2008-2017
120,322,234,120,2008-2017
120,120,120,251,1998-2017
120,322,234,335,1990-2017
120,120,120,120,2008-2017
120,120,120,335,1990-2017
120,120,234,251,1998-2017
120,322,120,335,1990-2017
120,251,120,120,2008-2017
120,251,120,335,1990-2017
120,322,120,120,2008-2017
120,251,234,120,2008-2017
120,120,234,335,1990-2017
120,322,234,251,1998-2017
120,251,234,251,1998-2017
120,251,120,251,1998-2017
120,251,234,335,1990-2017
252,322,120,251,1998-2017
252,120,234,120,2008-2017
252,322,234,120,2008-2017
252,120,120,251,1998-2017
252,322,234,335,1990-2017
252,120,120,120,2008-2017
252,120,120,335,1990-2017
252,120,234,251,1998-2017
252,322,120,335,1990-2017
252,251,120,120,2008-2017
252,251,120,335,1990-2017
252,322,120,120,2008-2017
252,251,234,120,2008-2017
252,120,234,335,1990-2017
252,322,234,251,1998-2017
252,251,234,251,1998-2017
252,251,120,251,1998-2017
252,251,234,335,1990-2017
336,323,120,120,2008-2017
336,323,120,251,1998-2017
336,323,120,335,1990-2017
336,323,221,120,2008-2017
336,251,120,120,2008-2017
336,251,120,251,1998-2017
336,251,221,251,1998-2017
336,323,221,251,1998-2017
336,120,221,120,2008-2017
336,120,120,120,2008-2017
336,120,120,251,1998-2017
336,120,221,251,1998-2017
336,120,221,335,1990-2017
336,251,120,335,1990-2017
336,251,221,120,2008-2017
336,323,221,335,1990-2017
336,251,221,335,1990-2017
336,120,120,335,1990-2017
120,323,120,120,2008-2017
120,323,120,251,1998-2017
120,323,120,335,1990-2017
120,323,221,120,2008-2017
120,251,120,120,2008-2017
120,251,120,251,1998-2017
120,251,221,251,1998-2017
120,323,221,251,1998-2017
120,120,221,120,2008-2017
120,120,120,120,2008-2017
120,120,120,251,1998-2017
120,120,221,251,1998-2017
120,120,221,335,1990-2017
120,251,120,335,1990-2017
120,251,221,120,2008-2017
120,323,221,335,1990-2017
120,251,221,335,1990-2017
120,120,120,335,1990-2017
252,323,120,120,2008-2017
252,323,120,251,1998-2017
252,323,120,335,1990-2017
252,323,221,120,2008-2017
252,251,120,120,2008-2017
252,251,120,251,1998-2017
252,251,221,251,1998-2017
252,323,221,251,1998-2017
252,120,221,120,2008-2017
252,120,120,120,2008-2017
252,120,120,251,1998-2017
252,120,221,251,1998-2017
252,120,221,335,1990-2017
252,251,120,335,1990-2017
252,251,221,120,2008-2017
252,323,221,335,1990-2017
252,251,221,335,1990-2017
252,120,120,335,1990-2017
251,251,120,251,1998-2017
251,251,120,333,1990-2017
251,251,219,333,1990-2017
251,120,219,120,2008-2017
251,322,219,333,1990-2017
251,322,219,251,1998-2017
251,322,120,251,1998-2017
251,322,120,333,1990-2017
251,322,120,120,2008-2017
251,322,219,120,2008-2017
251,251,120,120,2008-2017
251,251,219,251,1998-2017
251,120,219,333,1990-2017
251,120,219,251,1998-2017
251,251,219,120,2008-2017
251,120,120,120,2008-2017
251,120,120,251,1998-2017
251,120,120,333,1990-2017
120,251,120,251,1998-2017
120,251,120,333,1990-2017
120,251,219,333,1990-2017
120,120,219,120,2008-2017
120,322,219,333,1990-2017
120,322,219,251,1998-2017
120,322,120,251,1998-2017
120,322,120,333,1990-2017
120,322,120,120,2008-2017
120,322,219,120,2008-2017
120,251,120,120,2008-2017
120,251,219,251,1998-2017
120,120,219,333,1990-2017
120,120,219,251,1998-2017
120,251,219,120,2008-2017
120,120,120,120,2008-2017
120,120,120,251,1998-2017
120,120,120,333,1990-2017
335,251,120,251,1998-2017
335,251,120,333,1990-2017
335,251,219,333,1990-2017
335,120,219,120,2008-2017
335,322,219,333,1990-2017
335,322,219,251,1998-2017
335,322,120,251,1998-2017
335,322,120,333,1990-2017
335,322,120,120,2008-2017
335,322,219,120,2008-2017
335,251,120,120,2008-2017
335,251,219,251,1998-2017
335,120,219,333,1990-2017
335,120,219,251,1998-2017
335,251,219,120,2008-2017
335,120,120,120,2008-2017
335,120,120,251,1998-2017
335,120,120,333,1990-2017
109,109,109,109,2008-2017
109,311,109,109,2008-2017
109,311,109,323,1990-2017
109,240,109,323,1990-2017
109,109,109,240,1998-2017
109,240,109,240,1998-2017
109,240,109,109,2008-2017
109,311,109,240,1998-2017
109,109,109,323,1990-2017
324,109,109,109,2008-2017
324,311,109,109,2008-2017
324,311,109,323,1990-2017
324,240,109,323,1990-2017
324,109,109,240,1998-2017
324,240,109,240,1998-2017
324,240,109,109,2008-2017
324,311,109,240,1998-2017
324,109,109,323,1990-2017
240,109,109,109,2008-2017
240,311,109,109,2008-2017
240,311,109,323,1990-2017
240,240,109,323,1990-2017
240,109,109,240,1998-2017
240,240,109,240,1998-2017
240,240,109,109,2008-2017
240,311,109,240,1998-2017
240,109,109,323,1990-2017
120,251,120,334,1990-2017
120,323,120,120,2008-2017
120,323,120,334,1990-2017
120,120,120,334,1990-2017
120,323,120,251,1998-2017
120,120,120,251,1998-2017
120,251,120,251,1998-2017
120,251,120,120,2008-2017
120,120,120,120,2008-2017
251,251,120,334,1990-2017
251,323,120,120,2008-2017
251,323,120,334,1990-2017
251,120,120,334,1990-2017
251,323,120,251,1998-2017
251,120,120,251,1998-2017
251,251,120,251,1998-2017
251,251,120,120,2008-2017
251,120,120,120,2008-2017
335,251,120,334,1990-2017
335,323,120,120,2008-2017
335,323,120,334,1990-2017
335,120,120,334,1990-2017
335,323,120,251,1998-2017
335,120,120,251,1998-2017
335,251,120,251,1998-2017
335,251,120,120,2008-2017
335,120,120,120,2008-2017
251,323,120,335,1990-2017
251,323,120,120,2008-2017
251,323,120,251,1998-2017
251,251,120,120,2008-2017
251,251,120,335,1990-2017
251,251,120,251,1998-2017
251,120,120,251,1998-2017
251,120,120,335,1990-2017
251,120,120,120,2008-2017
120,323,120,335,1990-2017
120,323,120,120,2008-2017
120,323,120,251,1998-2017
120,251,120,120,2008-2017
120,251,120,335,1990-2017
120,251,120,251,1998-2017
120,120,120,251,1998-2017
120,120,120,335,1990-2017
120,120,120,120,2008-2017
335,323,120,335,1990-2017
335,323,120,120,2008-2017
335,323,120,251,1998-2017
335,251,120,120,2008-2017
335,251,120,335,1990-2017
335,251,120,251,1998-2017
335,120,120,251,1998-2017
335,120,120,335,1990-2017
335,120,120,120,2008-2017
249,250,120,249,1998-2017
249,322,120,120,2008-2017
249,250,120,120,2008-2017
249,322,120,249,1998-2017
249,250,120,333,1990-2017
249,120,120,333,1990-2017
249,120,120,249,1998-2017
249,120,120,120,2008-2017
249,322,120,333,1990-2017
333,250,120,249,1998-2017
333,322,120,120,2008-2017
333,250,120,120,2008-2017
333,322,120,249,1998-2017
333,250,120,333,1990-2017
333,120,120,333,1990-2017
333,120,120,249,1998-2017
333,120,120,120,2008-2017
333,322,120,333,1990-2017
120,250,120,249,1998-2017
120,322,120,120,2008-2017
120,250,120,120,2008-2017
120,322,120,249,1998-2017
120,250,120,333,1990-2017
120,120,120,333,1990-2017
120,120,120,249,1998-2017
120,120,120,120,2008-2017
120,322,120,333,1990-2017
115,246,115,246,1998-2017
115,246,115,115,2008-2017
115,115,115,246,1998-2017
115,115,115,115,2008-2017
115,318,115,329,1990-2017
115,115,115,329,1990-2017
115,246,115,329,1990-2017
115,318,115,115,2008-2017
115,318,115,246,1998-2017
330,246,115,246,1998-2017
330,246,115,115,2008-2017
330,115,115,246,1998-2017
330,115,115,115,2008-2017
330,318,115,329,1990-2017
330,115,115,329,1990-2017
330,246,115,329,1990-2017
330,318,115,115,2008-2017
330,318,115,246,1998-2017
246,246,115,246,1998-2017
246,246,115,115,2008-2017
246,115,115,246,1998-2017
246,115,115,115,2008-2017
246,318,115,329,1990-2017
246,115,115,329,1990-2017
246,246,115,329,1990-2017
246,318,115,115,2008-2017
246,318,115,246,1998-2017
333,250,120,248,1998-2017
333,320,120,330,1990-2017
333,250,120,330,1990-2017
333,250,120,120,2008-2017
333,120,120,248,1998-2017
333,320,120,248,1998-2017
333,320,120,120,2008-2017
333,120,120,120,2008-2017
333,120,120,330,1990-2017
251,250,120,248,1998-2017
251,320,120,330,1990-2017
251,250,120,330,1990-2017
251,250,120,120,2008-2017
251,120,120,248,1998-2017
251,320,120,248,1998-2017
251,320,120,120,2008-2017
251,120,120,120,2008-2017
251,120,120,330,1990-2017
120,250,120,248,1998-2017
120,320,120,330,1990-2017
120,250,120,330,1990-2017
120,250,120,120,2008-2017
120,120,120,248,1998-2017
120,320,120,248,1998-2017
120,320,120,120,2008-2017
120,120,120,120,2008-2017
120,120,120,330,1990-2017
334,119,120,247,1998-2017
334,318,120,247,1998-2017
334,119,120,118,2008-2017
334,249,120,329,1990-2017
334,249,120,118,2008-2017
334,318,120,118,2008-2017
334,318,120,329,1990-2017
334,249,120,247,1998-2017
334,119,120,329,1990-2017
252,119,120,247,1998-2017
252,318,120,247,1998-2017
252,119,120,118,2008-2017
252,249,120,329,1990-2017
252,249,120,118,2008-2017
252,318,120,118,2008-2017
252,318,120,329,1990-2017
252,249,120,247,1998-2017
252,119,120,329,1990-2017
120,119,120,247,1998-2017
120,318,120,247,1998-2017
120,119,120,118,2008-2017
120,249,120,329,1990-2017
120,249,120,118,2008-2017
120,318,120,118,2008-2017
120,318,120,329,1990-2017
120,249,120,247,1998-2017
120,119,120,329,1990-2017
251,120,120,249,1998-2017
251,249,120,249,1998-2017
251,249,120,331,1990-2017
251,319,120,120,2008-2017
251,319,120,331,1990-2017
251,120,120,331,1990-2017
251,249,120,120,2008-2017
251,319,120,249,1998-2017
251,120,120,120,2008-2017
120,120,120,249,1998-2017
120,249,120,249,1998-2017
120,249,120,331,1990-2017
120,319,120,120,2008-2017
120,319,120,331,1990-2017
120,120,120,331,1990-2017
120,249,120,120,2008-2017
120,319,120,249,1998-2017
120,120,120,120,2008-2017
333,120,120,249,1998-2017
333,249,120,249,1998-2017
333,249,120,331,1990-2017
333,319,120,120,2008-2017
333,319,120,331,1990-2017
333,120,120,331,1990-2017
333,249,120,120,2008-2017
333,319,120,249,1998-2017
333,120,120,120,2008-2017
331,249,120,330,1990-2017
331,317,120,249,1998-2017
331,249,120,249,1998-2017
331,249,120,120,2008-2017
331,119,120,249,1998-2017
331,317,120,120,2008-2017
331,317,120,330,1990-2017
331,119,120,120,2008-2017
331,119,120,330,1990-2017
120,249,120,330,1990-2017
120,317,120,249,1998-2017
120,249,120,249,1998-2017
120,249,120,120,2008-2017
120,119,120,249,1998-2017
120,317,120,120,2008-2017
120,317,120,330,1990-2017
120,119,120,120,2008-2017
120,119,120,330,1990-2017
250,249,120,330,1990-2017
250,317,120,249,1998-2017
250,249,120,249,1998-2017
250,249,120,120,2008-2017
250,119,120,249,1998-2017
250,317,120,120,2008-2017
250,317,120,330,1990-2017
250,119,120,120,2008-2017
250,119,120,330,1990-2017
252,120,118,251,1998-2017
252,323,118,335,1990-2017
252,120,118,335,1990-2017
252,251,118,120,2008-2017
252,323,118,120,2008-2017
252,251,118,251,1998-2017
252,251,118,335,1990-2017
252,120,118,120,2008-2017
252,323,118,251,1998-2017
120,120,118,251,1998-2017
120,323,118,335,1990-2017
120,120,118,335,1990-2017
120,251,118,120,2008-2017
120,323,118,120,2008-2017
120,251,118,251,1998-2017
120,251,118,335,1990-2017
120,120,118,120,2008-2017
120,323,118,251,1998-2017
336,120,118,251,1998-2017
336,323,118,335,1990-2017
336,120,118,335,1990-2017
336,251,118,120,2008-2017
336,323,118,120,2008-2017
336,251,118,251,1998-2017
336,251,118,335,1990-2017
336,120,118,120,2008-2017
336,323,118,251,1998-2017
120,324,119,336,1990-2017
120,120,119,252,1998-2017
120,120,119,120,2008-2017
120,120,119,336,1990-2017
120,252,119,252,1998-2017
120,252,119,120,2008-2017
120,252,119,336,1990-2017
120,324,119,252,1998-2017
120,324,119,120,2008-2017
336,324,119,336,1990-2017
336,120,119,252,1998-2017
336,120,119,120,2008-2017
336,120,119,336,1990-2017
336,252,119,252,1998-2017
336,252,119,120,2008-2017
336,252,119,336,1990-2017
336,324,119,252,1998-2017
336,324,119,120,2008-2017
252,324,119,336,1990-2017
252,120,119,252,1998-2017
252,120,119,120,2008-2017
252,120,119,336,1990-2017
252,252,119,252,1998-2017
252,252,119,120,2008-2017
252,252,119,336,1990-2017
252,324,119,252,1998-2017
252,324,119,120,2008-2017
248,116,116,332,1990-2017
248,116,116,116,2008-2017
248,116,116,248,1998-2017
248,248,116,248,1998-2017
248,320,116,116,2008-2017
248,320,116,248,1998-2017
248,248,116,332,1990-2017
248,320,116,332,1990-2017
248,248,116,116,2008-2017
116,116,116,332,1990-2017
116,116,116,116,2008-2017
116,116,116,248,1998-2017
116,248,116,248,1998-2017
116,320,116,116,2008-2017
116,320,116,248,1998-2017
116,248,116,332,1990-2017
116,320,116,332,1990-2017
116,248,116,116,2008-2017
331,116,116,332,1990-2017
331,116,116,116,2008-2017
331,116,116,248,1998-2017
331,248,116,248,1998-2017
331,320,116,116,2008-2017
331,320,116,248,1998-2017
331,248,116,332,1990-2017
331,320,116,332,1990-2017
331,248,116,116,2008-2017
120,324,120,252,1998-2017
120,324,120,336,1990-2017
120,120,120,120,2008-2017
120,120,120,336,1990-2017
120,252,120,120,2008-2017
120,252,120,252,1998-2017
120,120,120,252,1998-2017
120,324,120,120,2008-2017
120,252,120,336,1990-2017
335,324,120,252,1998-2017
335,324,120,336,1990-2017
335,120,120,120,2008-2017
335,120,120,336,1990-2017
335,252,120,120,2008-2017
335,252,120,252,1998-2017
335,120,120,252,1998-2017
335,324,120,120,2008-2017
335,252,120,336,1990-2017
252,324,120,252,1998-2017
252,324,120,336,1990-2017
252,120,120,120,2008-2017
252,120,120,336,1990-2017
252,252,120,120,2008-2017
252,252,120,252,1998-2017
252,120,120,252,1998-2017
252,324,120,120,2008-2017
252,252,120,336,1990-2017
325,310,109,238,1998-2017
325,37,109,322,1990-2017
325,37,109,37,2008-2017
325,238,109,322,1990-2017
325,238,109,37,2008-2017
325,238,109,238,1998-2017
325,37,109,238,1998-2017
325,310,109,37,2008-2017
325,310,109,322,1990-2017
109,310,109,238,1998-2017
109,37,109,322,1990-2017
109,37,109,37,2008-2017
109,238,109,322,1990-2017
109,238,109,37,2008-2017
109,238,109,238,1998-2017
109,37,109,238,1998-2017
109,310,109,37,2008-2017
109,310,109,322,1990-2017
241,310,109,238,1998-2017
241,37,109,322,1990-2017
241,37,109,37,2008-2017
241,238,109,322,1990-2017
241,238,109,37,2008-2017
241,238,109,238,1998-2017
241,37,109,238,1998-2017
241,310,109,37,2008-2017
241,310,109,322,1990-2017
120,322,120,250,1998-2017
120,322,120,120,2008-2017
120,322,120,334,1990-2017
120,250,120,250,1998-2017
120,250,120,120,2008-2017
120,120,120,250,1998-2017
120,120,120,120,2008-2017
120,250,120,334,1990-2017
120,120,120,334,1990-2017
336,322,120,250,1998-2017
336,322,120,120,2008-2017
336,322,120,334,1990-2017
336,250,120,250,1998-2017
336,250,120,120,2008-2017
336,120,120,250,1998-2017
336,120,120,120,2008-2017
336,250,120,334,1990-2017
336,120,120,334,1990-2017
252,322,120,250,1998-2017
252,322,120,120,2008-2017
252,322,120,334,1990-2017
252,250,120,250,1998-2017
252,250,120,120,2008-2017
252,120,120,250,1998-2017
252,120,120,120,2008-2017
252,250,120,334,1990-2017
252,120,120,334,1990-2017
335,319,120,331,1990-2017
335,319,120,119,2008-2017
335,319,120,247,1998-2017
335,247,120,331,1990-2017
335,247,120,119,2008-2017
335,247,120,247,1998-2017
335,119,120,331,1990-2017
335,119,120,119,2008-2017
335,119,120,247,1998-2017
120,319,120,331,1990-2017
120,319,120,119,2008-2017
120,319,120,247,1998-2017
120,247,120,331,1990-2017
120,247,120,119,2008-2017
120,247,120,247,1998-2017
120,119,120,331,1990-2017
120,119,120,119,2008-2017
120,119,120,247,1998-2017
251,319,120,331,1990-2017
251,319,120,119,2008-2017
251,319,120,247,1998-2017
251,247,120,331,1990-2017
251,247,120,119,2008-2017
251,247,120,247,1998-2017
251,119,120,331,1990-2017
251,119,120,119,2008-2017
251,119,120,247,1998-2017
120,250,120,250,1998-2017
120,322,120,250,1998-2017
120,322,120,333,1990-2017
120,250,120,333,1990-2017
120,322,120,119,2008-2017
120,119,120,119,2008-2017
120,119,120,250,1998-2017
120,119,120,333,1990-2017
120,250,120,119,2008-2017
336,250,120,250,1998-2017
336,322,120,250,1998-2017
336,322,120,333,1990-2017
336,250,120,333,1990-2017
336,322,120,119,2008-2017
336,119,120,119,2008-2017
336,119,120,250,1998-2017
336,119,120,333,1990-2017
336,250,120,119,2008-2017
252,250,120,250,1998-2017
252,322,120,250,1998-2017
252,322,120,333,1990-2017
252,250,120,333,1990-2017
252,322,120,119,2008-2017
252,119,120,119,2008-2017
252,119,120,250,1998-2017
252,119,120,333,1990-2017
252,250,120,119,2008-2017
252,249,120,334,1990-2017
252,120,120,120,2008-2017
252,249,120,120,2008-2017
252,249,120,250,1998-2017
252,120,120,334,1990-2017
252,321,120,120,2008-2017
252,321,120,250,1998-2017
252,120,120,250,1998-2017
252,321,120,334,1990-2017
336,249,120,334,1990-2017
336,120,120,120,2008-2017
336,249,120,120,2008-2017
336,249,120,250,1998-2017
336,120,120,334,1990-2017
336,321,120,120,2008-2017
336,321,120,250,1998-2017
336,120,120,250,1998-2017
336,321,120,334,1990-2017
120,249,120,334,1990-2017
120,120,120,120,2008-2017
120,249,120,120,2008-2017
120,249,120,250,1998-2017
120,120,120,334,1990-2017
120,321,120,120,2008-2017
120,321,120,250,1998-2017
120,120,120,250,1998-2017
120,321,120,334,1990-2017
252,120,119,120,2008-2017
252,120,119,335,1990-2017
252,251,119,251,1998-2017
252,251,119,335,1990-2017
252,323,119,251,1998-2017
252,323,119,120,2008-2017
252,251,119,120,2008-2017
252,120,119,251,1998-2017
252,323,119,335,1990-2017
336,120,119,120,2008-2017
336,120,119,335,1990-2017
336,251,119,251,1998-2017
336,251,119,335,1990-2017
336,323,119,251,1998-2017
336,323,119,120,2008-2017
336,251,119,120,2008-2017
336,120,119,251,1998-2017
336,323,119,335,1990-2017
120,120,119,120,2008-2017
120,120,119,335,1990-2017
120,251,119,251,1998-2017
120,251,119,335,1990-2017
120,323,119,251,1998-2017
120,323,119,120,2008-2017
120,251,119,120,2008-2017
120,120,119,251,1998-2017
120,323,119,335,1990-2017
120,251,120,251,1998-2017
120,323,120,335,1990-2017
120,323,120,120,2008-2017
120,251,120,120,2008-2017
120,120,120,335,1990-2017
120,120,120,120,2008-2017
120,120,120,251,1998-2017
120,323,120,251,1998-2017
120,251,120,335,1990-2017
336,251,120,251,1998-2017
336,323,120,335,1990-2017
336,323,120,120,2008-2017
336,251,120,120,2008-2017
336,120,120,335,1990-2017
336,120,120,120,2008-2017
336,120,120,251,1998-2017
336,323,120,251,1998-2017
336,251,120,335,1990-2017
252,251,120,251,1998-2017
252,323,120,335,1990-2017
252,323,120,120,2008-2017
252,251,120,120,2008-2017
252,120,120,335,1990-2017
252,120,120,120,2008-2017
252,120,120,251,1998-2017
252,323,120,251,1998-2017
252,251,120,335,1990-2017
120,120,118,120,2008-2017
120,120,118,334,1990-2017
120,120,118,250,1998-2017
120,251,118,250,1998-2017
120,323,118,334,1990-2017
120,323,118,250,1998-2017
120,251,118,120,2008-2017
120,323,118,120,2008-2017
120,251,118,334,1990-2017
252,120,118,120,2008-2017
252,120,118,334,1990-2017
252,120,118,250,1998-2017
252,251,118,250,1998-2017
252,323,118,334,1990-2017
252,323,118,250,1998-2017
252,251,118,120,2008-2017
252,323,118,120,2008-2017
252,251,118,334,1990-2017
336,120,118,120,2008-2017
336,120,118,334,1990-2017
336,120,118,250,1998-2017
336,251,118,250,1998-2017
336,323,118,334,1990-2017
336,323,118,250,1998-2017
336,251,118,120,2008-2017
336,323,118,120,2008-2017
336,251,118,334,1990-2017
246,316,113,245,1998-2017
246,316,113,114,2008-2017
246,244,113,329,1990-2017
246,244,113,114,2008-2017
246,114,113,329,1990-2017
246,114,113,245,1998-2017
246,244,113,245,1998-2017
246,316,113,329,1990-2017
246,114,113,114,2008-2017
330,316,113,245,1998-2017
330,316,113,114,2008-2017
330,244,113,329,1990-2017
330,244,113,114,2008-2017
330,114,113,329,1990-2017
330,114,113,245,1998-2017
330,244,113,245,1998-2017
330,316,113,329,1990-2017
330,114,113,114,2008-2017
114,316,113,245,1998-2017
114,316,113,114,2008-2017
114,244,113,329,1990-2017
114,244,113,114,2008-2017
114,114,113,329,1990-2017
114,114,113,245,1998-2017
114,244,113,245,1998-2017
114,316,113,329,1990-2017
114,114,113,114,2008-2017
120,120,116,335,1990-2017
120,251,116,251,1998-2017
120,251,116,120,2008-2017
120,323,116,251,1998-2017
120,323,116,120,2008-2017
120,323,116,335,1990-2017
120,251,116,335,1990-2017
120,120,116,120,2008-2017
120,120,116,251,1998-2017
252,120,116,335,1990-2017
252,251,116,251,1998-2017
252,251,116,120,2008-2017
252,323,116,251,1998-2017
252,323,116,120,2008-2017
252,323,116,335,1990-2017
252,251,116,335,1990-2017
252,120,116,120,2008-2017
252,120,116,251,1998-2017
336,120,116,335,1990-2017
336,251,116,251,1998-2017
336,251,116,120,2008-2017
336,323,116,251,1998-2017
336,323,116,120,2008-2017
336,323,116,335,1990-2017
336,251,116,335,1990-2017
336,120,116,120,2008-2017
336,120,116,251,1998-2017
251,250,120,250,1998-2017
251,250,120,119,2008-2017
251,250,120,334,1990-2017
251,322,120,119,2008-2017
251,119,120,250,1998-2017
251,119,120,119,2008-2017
251,322,120,334,1990-2017
251,119,120,334,1990-2017
251,322,120,250,1998-2017
335,250,120,250,1998-2017
335,250,120,119,2008-2017
335,250,120,334,1990-2017
335,322,120,119,2008-2017
335,119,120,250,1998-2017
335,119,120,119,2008-2017
335,322,120,334,1990-2017
335,119,120,334,1990-2017
335,322,120,250,1998-2017
120,250,120,250,1998-2017
120,250,120,119,2008-2017
120,250,120,334,1990-2017
120,322,120,119,2008-2017
120,119,120,250,1998-2017
120,119,120,119,2008-2017
120,322,120,334,1990-2017
120,119,120,334,1990-2017
120,322,120,250,1998-2017
120,324,119,336,1990-2017
120,324,119,252,1998-2017
120,324,119,120,2008-2017
120,120,119,252,1998-2017
120,120,119,120,2008-2017
120,252,119,336,1990-2017
120,120,119,336,1990-2017
120,252,119,252,1998-2017
120,252,119,120,2008-2017
252,324,119,336,1990-2017
252,324,119,252,1998-2017
252,324,119,120,2008-2017
252,120,119,252,1998-2017
252,120,119,120,2008-2017
252,252,119,336,1990-2017
252,120,119,336,1990-2017
252,252,119,252,1998-2017
252,252,119,120,2008-2017
336,324,119,336,1990-2017
336,324,119,252,1998-2017
336,324,119,120,2008-2017
336,120,119,252,1998-2017
336,120,119,120,2008-2017
336,252,119,336,1990-2017
336,120,119,336,1990-2017
336,252,119,252,1998-2017
336,252,119,120,2008-2017
336,250,120,251,1998-2017
336,250,120,120,2008-2017
336,120,120,120,2008-2017
336,120,120,335,1990-2017
336,321,120,251,1998-2017
336,321,120,120,2008-2017
336,250,120,335,1990-2017
336,120,120,251,1998-2017
336,321,120,335,1990-2017
120,250,120,251,1998-2017
120,250,120,120,2008-2017
120,120,120,120,2008-2017
120,120,120,335,1990-2017
120,321,120,251,1998-2017
120,321,120,120,2008-2017
120,250,120,335,1990-2017
120,120,120,251,1998-2017
120,321,120,335,1990-2017
252,250,120,251,1998-2017
252,250,120,120,2008-2017
252,120,120,120,2008-2017
252,120,120,335,1990-2017
252,321,120,251,1998-2017
252,321,120,120,2008-2017
252,250,120,335,1990-2017
252,120,120,251,1998-2017
252,321,120,335,1990-2017
252,251,120,252,1998-2017
252,251,120,336,1990-2017
252,251,120,120,2008-2017
252,120,120,252,1998-2017
252,120,120,336,1990-2017
252,323,120,120,2008-2017
252,120,120,120,2008-2017
252,323,120,336,1990-2017
252,323,120,252,1998-2017
336,251,120,252,1998-2017
336,251,120,336,1990-2017
336,251,120,120,2008-2017
336,120,120,252,1998-2017
336,120,120,336,1990-2017
336,323,120,120,2008-2017
336,120,120,120,2008-2017
336,323,120,336,1990-2017
336,323,120,252,1998-2017
120,251,120,252,1998-2017
120,251,120,336,1990-2017
120,251,120,120,2008-2017
120,120,120,252,1998-2017
120,120,120,336,1990-2017
120,323,120,120,2008-2017
120,120,120,120,2008-2017
120,323,120,336,1990-2017
120,323,120,252,1998-2017
252,321,119,250,1998-2017
252,321,119,120,2008-2017
252,321,119,334,1990-2017
252,249,119,120,2008-2017
252,120,119,334,1990-2017
252,249,119,334,1990-2017
252,249,119,250,1998-2017
252,120,119,250,1998-2017
252,120,119,120,2008-2017
120,321,119,250,1998-2017
120,321,119,120,2008-2017
120,321,119,334,1990-2017
120,249,119,120,2008-2017
120,120,119,334,1990-2017
120,249,119,334,1990-2017
120,249,119,250,1998-2017
120,120,119,250,1998-2017
120,120,119,120,2008-2017
336,321,119,250,1998-2017
336,321,119,120,2008-2017
336,321,119,334,1990-2017
336,249,119,120,2008-2017
336,120,119,334,1990-2017
336,249,119,334,1990-2017
336,249,119,250,1998-2017
336,120,119,250,1998-2017
336,120,119,120,2008-2017
336,324,120,119,2008-2017
336,324,120,251,1998-2017
336,120,120,251,1998-2017
336,252,120,335,1990-2017
336,120,120,335,1990-2017
336,120,120,119,2008-2017
336,324,120,335,1990-2017
336,252,120,119,2008-2017
336,252,120,251,1998-2017
120,324,120,119,2008-2017
120,324,120,251,1998-2017
120,120,120,251,1998-2017
120,252,120,335,1990-2017
120,120,120,335,1990-2017
120,120,120,119,2008-2017
120,324,120,335,1990-2017
120,252,120,119,2008-2017
120,252,120,251,1998-2017
252,324,120,119,2008-2017
252,324,120,251,1998-2017
252,120,120,251,1998-2017
252,252,120,335,1990-2017
252,120,120,335,1990-2017
252,120,120,119,2008-2017
252,324,120,335,1990-2017
252,252,120,119,2008-2017
252,252,120,251,1998-2017
120,120,119,251,1998-2017
120,120,119,335,1990-2017
120,252,119,120,2008-2017
120,252,119,251,1998-2017
120,120,119,120,2008-2017
120,324,119,335,1990-2017
120,324,119,251,1998-2017
120,324,119,120,2008-2017
120,252,119,335,1990-2017
336,120,119,251,1998-2017
336,120,119,335,1990-2017
336,252,119,120,2008-2017
336,252,119,251,1998-2017
336,120,119,120,2008-2017
336,324,119,335,1990-2017
336,324,119,251,1998-2017
336,324,119,120,2008-2017
336,252,119,335,1990-2017
252,120,119,251,1998-2017
252,120,119,335,1990-2017
252,252,119,120,2008-2017
252,252,119,251,1998-2017
252,120,119,120,2008-2017
252,324,119,335,1990-2017
252,324,119,251,1998-2017
252,324,119,120,2008-2017
252,252,119,335,1990-2017
120,120,119,120,2008-2017
120,323,119,252,1998-2017
120,323,119,336,1990-2017
120,120,119,336,1990-2017
120,251,119,252,1998-2017
120,251,119,336,1990-2017
120,251,119,120,2008-2017
120,323,119,120,2008-2017
120,120,119,252,1998-2017
252,120,119,120,2008-2017
252,323,119,252,1998-2017
252,323,119,336,1990-2017
252,120,119,336,1990-2017
252,251,119,252,1998-2017
252,251,119,336,1990-2017
252,251,119,120,2008-2017
252,323,119,120,2008-2017
252,120,119,252,1998-2017
336,120,119,120,2008-2017
336,323,119,252,1998-2017
336,323,119,336,1990-2017
336,120,119,336,1990-2017
336,251,119,252,1998-2017
336,251,119,336,1990-2017
336,251,119,120,2008-2017
336,323,119,120,2008-2017
336,120,119,252,1998-2017
251,322,118,249,1998-2017
251,322,118,333,1990-2017
251,322,118,119,2008-2017
251,119,118,249,1998-2017
251,119,118,333,1990-2017
251,119,118,119,2008-2017
251,250,118,249,1998-2017
251,250,118,333,1990-2017
251,250,118,119,2008-2017
119,322,118,249,1998-2017
119,322,118,333,1990-2017
119,322,118,119,2008-2017
119,119,118,249,1998-2017
119,119,118,333,1990-2017
119,119,118,119,2008-2017
119,250,118,249,1998-2017
119,250,118,333,1990-2017
119,250,118,119,2008-2017
335,322,118,249,1998-2017
335,322,118,333,1990-2017
335,322,118,119,2008-2017
335,119,118,249,1998-2017
335,119,118,333,1990-2017
335,119,118,119,2008-2017
335,250,118,249,1998-2017
335,250,118,333,1990-2017
335,250,118,119,2008-2017
119,322,119,251,1998-2017
119,252,119,333,1990-2017
119,322,119,333,1990-2017
119,322,119,119,2008-2017
119,252,119,119,2008-2017
119,252,119,251,1998-2017
119,120,119,333,1990-2017
119,120,119,119,2008-2017
119,120,119,251,1998-2017
333,322,119,251,1998-2017
333,252,119,333,1990-2017
333,322,119,333,1990-2017
333,322,119,119,2008-2017
333,252,119,119,2008-2017
333,252,119,251,1998-2017
333,120,119,333,1990-2017
333,120,119,119,2008-2017
333,120,119,251,1998-2017
251,322,119,251,1998-2017
251,252,119,333,1990-2017
251,322,119,333,1990-2017
251,322,119,119,2008-2017
251,252,119,119,2008-2017
251,252,119,251,1998-2017
251,120,119,333,1990-2017
251,120,119,119,2008-2017
251,120,119,251,1998-2017
335,249,118,118,2008-2017
335,249,118,249,1998-2017
335,321,118,333,1990-2017
335,249,118,333,1990-2017
335,321,118,249,1998-2017
335,118,118,333,1990-2017
335,118,118,118,2008-2017
335,321,118,118,2008-2017
335,118,118,249,1998-2017
119,249,118,118,2008-2017
119,249,118,249,1998-2017
119,321,118,333,1990-2017
119,249,118,333,1990-2017
119,321,118,249,1998-2017
119,118,118,333,1990-2017
119,118,118,118,2008-2017
119,321,118,118,2008-2017
119,118,118,249,1998-2017
251,249,118,118,2008-2017
251,249,118,249,1998-2017
251,321,118,333,1990-2017
251,249,118,333,1990-2017
251,321,118,249,1998-2017
251,118,118,333,1990-2017
251,118,118,118,2008-2017
251,321,118,118,2008-2017
251,118,118,249,1998-2017
252,120,119,252,1998-2017
252,120,119,336,1990-2017
252,120,119,120,2008-2017
252,252,119,120,2008-2017
252,324,119,252,1998-2017
252,324,119,336,1990-2017
252,324,119,120,2008-2017
252,252,119,252,1998-2017
252,252,119,336,1990-2017
120,120,119,252,1998-2017
120,120,119,336,1990-2017
120,120,119,120,2008-2017
120,252,119,120,2008-2017
120,324,119,252,1998-2017
120,324,119,336,1990-2017
120,324,119,120,2008-2017
120,252,119,252,1998-2017
120,252,119,336,1990-2017
336,120,119,252,1998-2017
336,120,119,336,1990-2017
336,120,119,120,2008-2017
336,252,119,120,2008-2017
336,324,119,252,1998-2017
336,324,119,336,1990-2017
336,324,119,120,2008-2017
336,252,119,252,1998-2017
336,252,119,336,1990-2017
120,252,120,252,1998-2017
120,324,120,120,2008-2017
120,252,120,120,2008-2017
120,252,120,336,1990-2017
120,324,120,252,1998-2017
120,120,120,120,2008-2017
120,120,120,336,1990-2017
120,324,120,336,1990-2017
120,120,120,252,1998-2017
335,252,120,252,1998-2017
335,324,120,120,2008-2017
335,252,120,120,2008-2017
335,252,120,336,1990-2017
335,324,120,252,1998-2017
335,120,120,120,2008-2017
335,120,120,336,1990-2017
335,324,120,336,1990-2017
335,120,120,252,1998-2017
251,252,120,252,1998-2017
251,324,120,120,2008-2017
251,252,120,120,2008-2017
251,252,120,336,1990-2017
251,324,120,252,1998-2017
251,120,120,120,2008-2017
251,120,120,336,1990-2017
251,324,120,336,1990-2017
251,120,120,252,1998-2017
252,323,120,251,1998-2017
252,323,120,119,2008-2017
252,251,120,335,1990-2017
252,251,120,119,2008-2017
252,119,120,335,1990-2017
252,119,120,251,1998-2017
252,251,120,251,1998-2017
252,323,120,335,1990-2017
252,119,120,119,2008-2017
120,323,120,251,1998-2017
120,323,120,119,2008-2017
120,251,120,335,1990-2017
120,251,120,119,2008-2017
120,119,120,335,1990-2017
120,119,120,251,1998-2017
120,251,120,251,1998-2017
120,323,120,335,1990-2017
120,119,120,119,2008-2017
336,323,120,251,1998-2017
336,323,120,119,2008-2017
336,251,120,335,1990-2017
336,251,120,119,2008-2017
336,119,120,335,1990-2017
336,119,120,251,1998-2017
336,251,120,251,1998-2017
336,323,120,335,1990-2017
336,119,120,119,2008-2017
252,251,120,120,2008-2017
252,119,120,335,1990-2017
252,119,120,252,1998-2017
252,251,120,252,1998-2017
252,322,120,335,1990-2017
252,322,120,252,1998-2017
252,322,120,120,2008-2017
252,119,120,120,2008-2017
252,251,120,335,1990-2017
335,251,120,120,2008-2017
335,119,120,335,1990-2017
335,119,120,252,1998-2017
335,251,120,252,1998-2017
335,322,120,335,1990-2017
335,322,120,252,1998-2017
335,322,120,120,2008-2017
335,119,120,120,2008-2017
335,251,120,335,1990-2017
120,251,120,120,2008-2017
120,119,120,335,1990-2017
120,119,120,252,1998-2017
120,251,120,252,1998-2017
120,322,120,335,1990-2017
120,322,120,252,1998-2017
120,322,120,120,2008-2017
120,119,120,120,2008-2017
120,251,120,335,1990-2017
335,251,120,333,1990-2017
335,251,120,251,1998-2017
335,251,120,120,2008-2017
335,120,120,120,2008-2017
335,322,120,251,1998-2017
335,322,120,120,2008-2017
335,120,120,333,1990-2017
335,322,120,333,1990-2017
335,120,120,251,1998-2017
120,251,120,333,1990-2017
120,251,120,251,1998-2017
120,251,120,120,2008-2017
120,120,120,120,2008-2017
120,322,120,251,1998-2017
120,322,120,120,2008-2017
120,120,120,333,1990-2017
120,322,120,333,1990-2017
120,120,120,251,1998-2017
252,251,120,333,1990-2017
252,251,120,251,1998-2017
252,251,120,120,2008-2017
252,120,120,120,2008-2017
252,322,120,251,1998-2017
252,322,120,120,2008-2017
252,120,120,333,1990-2017
252,322,120,333,1990-2017
252,120,120,251,1998-2017
248,322,116,251,1998-2017
248,322,116,120,2008-2017
248,120,116,333,1990-2017
248,120,116,120,2008-2017
248,251,116,333,1990-2017
248,251,116,251,1998-2017
248,120,116,251,1998-2017
248,322,116,333,1990-2017
248,251,116,120,2008-2017
331,322,116,251,1998-2017
331,322,116,120,2008-2017
331,120,116,333,1990-2017
331,120,116,120,2008-2017
331,251,116,333,1990-2017
331,251,116,251,1998-2017
331,120,116,251,1998-2017
331,322,116,333,1990-2017
331,251,116,120,2008-2017
116,322,116,251,1998-2017
116,322,116,120,2008-2017
116,120,116,333,1990-2017
116,120,116,120,2008-2017
116,251,116,333,1990-2017
116,251,116,251,1998-2017
116,120,116,251,1998-2017
116,322,116,333,1990-2017
116,251,116,120,2008-2017
249,250,118,117,2008-2017
249,118,118,249,1998-2017
249,118,118,332,1990-2017
249,321,118,249,1998-2017
249,321,118,332,1990-2017
249,321,118,117,2008-2017
249,118,118,117,2008-2017
249,250,118,332,1990-2017
249,250,118,249,1998-2017
118,250,118,117,2008-2017
118,118,118,249,1998-2017
118,118,118,332,1990-2017
118,321,118,249,1998-2017
118,321,118,332,1990-2017
118,321,118,117,2008-2017
118,118,118,117,2008-2017
118,250,118,332,1990-2017
118,250,118,249,1998-2017
332,250,118,117,2008-2017
332,118,118,249,1998-2017
332,118,118,332,1990-2017
332,321,118,249,1998-2017
332,321,118,332,1990-2017
332,321,118,117,2008-2017
332,118,118,117,2008-2017
332,250,118,332,1990-2017
332,250,118,249,1998-2017
120,120,120,120,2008-2017
120,120,120,334,1990-2017
120,120,120,251,1998-2017
120,322,120,120,2008-2017
120,322,120,334,1990-2017
120,251,120,120,2008-2017
120,251,120,334,1990-2017
120,322,120,251,1998-2017
120,251,120,251,1998-2017
251,120,120,120,2008-2017
251,120,120,334,1990-2017
251,120,120,251,1998-2017
251,322,120,120,2008-2017
251,322,120,334,1990-2017
251,251,120,120,2008-2017
251,251,120,334,1990-2017
251,322,120,251,1998-2017
251,251,120,251,1998-2017
334,120,120,120,2008-2017
334,120,120,334,1990-2017
334,120,120,251,1998-2017
334,322,120,120,2008-2017
334,322,120,334,1990-2017
334,251,120,120,2008-2017
334,251,120,334,1990-2017
334,322,120,251,1998-2017
334,251,120,251,1998-2017
120,252,120,120,2008-2017
120,252,120,252,1998-2017
120,252,120,334,1990-2017
120,120,120,120,2008-2017
120,120,120,252,1998-2017
120,120,120,334,1990-2017
120,323,120,120,2008-2017
120,323,120,252,1998-2017
120,323,120,334,1990-2017
335,252,120,120,2008-2017
335,252,120,252,1998-2017
335,252,120,334,1990-2017
335,120,120,120,2008-2017
335,120,120,252,1998-2017
335,120,120,334,1990-2017
335,323,120,120,2008-2017
335,323,120,252,1998-2017
335,323,120,334,1990-2017
252,252,120,120,2008-2017
252,252,120,252,1998-2017
252,252,120,334,1990-2017
252,120,120,120,2008-2017
252,120,120,252,1998-2017
252,120,120,334,1990-2017
252,323,120,120,2008-2017
252,323,120,252,1998-2017
252,323,120,334,1990-2017
119,119,119,251,1998-2017
119,251,119,251,1998-2017
119,251,119,333,1990-2017
119,119,119,333,1990-2017
119,251,119,119,2008-2017
119,322,119,119,2008-2017
119,322,119,251,1998-2017
119,322,119,333,1990-2017
119,119,119,119,2008-2017
333,119,119,251,1998-2017
333,251,119,251,1998-2017
333,251,119,333,1990-2017
333,119,119,333,1990-2017
333,251,119,119,2008-2017
333,322,119,119,2008-2017
333,322,119,251,1998-2017
333,322,119,333,1990-2017
333,119,119,119,2008-2017
251,119,119,251,1998-2017
251,251,119,251,1998-2017
251,251,119,333,1990-2017
251,119,119,333,1990-2017
251,251,119,119,2008-2017
251,322,119,119,2008-2017
251,322,119,251,1998-2017
251,322,119,333,1990-2017
251,119,119,119,2008-2017
252,324,120,252,1998-2017
252,252,120,336,1990-2017
252,324,120,336,1990-2017
252,324,120,120,2008-2017
252,252,120,252,1998-2017
252,120,120,336,1990-2017
252,120,120,120,2008-2017
252,252,120,120,2008-2017
252,120,120,252,1998-2017
120,324,120,252,1998-2017
120,252,120,336,1990-2017
120,324,120,336,1990-2017
120,324,120,120,2008-2017
120,252,120,252,1998-2017
120,120,120,336,1990-2017
120,120,120,120,2008-2017
120,252,120,120,2008-2017
120,120,120,252,1998-2017
336,324,120,252,1998-2017
336,252,120,336,1990-2017
336,324,120,336,1990-2017
336,324,120,120,2008-2017
336,252,120,252,1998-2017
336,120,120,336,1990-2017
336,120,120,120,2008-2017
336,252,120,120,2008-2017
336,120,120,252,1998-2017
336,252,120,250,1998-2017
336,252,120,120,2008-2017
336,324,120,334,1990-2017
336,324,120,120,2008-2017
336,120,120,334,1990-2017
336,120,120,250,1998-2017
336,324,120,250,1998-2017
336,252,120,334,1990-2017
336,120,120,120,2008-2017
252,252,120,250,1998-2017
252,252,120,120,2008-2017
252,324,120,334,1990-2017
252,324,120,120,2008-2017
252,120,120,334,1990-2017
252,120,120,250,1998-2017
252,324,120,250,1998-2017
252,252,120,334,1990-2017
252,120,120,120,2008-2017
120,252,120,250,1998-2017
120,252,120,120,2008-2017
120,324,120,334,1990-2017
120,324,120,120,2008-2017
120,120,120,334,1990-2017
120,120,120,250,1998-2017
120,324,120,250,1998-2017
120,252,120,334,1990-2017
120,120,120,120,2008-2017
120,252,120,120,2008-2017
120,324,120,252,1998-2017
120,324,120,335,1990-2017
120,252,120,335,1990-2017
120,120,120,252,1998-2017
120,120,120,335,1990-2017
120,120,120,120,2008-2017
120,324,120,120,2008-2017
120,252,120,252,1998-2017
336,252,120,120,2008-2017
336,324,120,252,1998-2017
336,324,120,335,1990-2017
336,252,120,335,1990-2017
336,120,120,252,1998-2017
336,120,120,335,1990-2017
336,120,120,120,2008-2017
336,324,120,120,2008-2017
336,252,120,252,1998-2017
252,252,120,120,2008-2017
252,324,120,252,1998-2017
252,324,120,335,1990-2017
252,252,120,335,1990-2017
252,120,120,252,1998-2017
252,120,120,335,1990-2017
252,120,120,120,2008-2017
252,324,120,120,2008-2017
252,252,120,252,1998-2017
252,120,120,252,1998-2017
252,120,120,120,2008-2017
252,120,120,336,1990-2017
252,323,120,336,1990-2017
252,251,120,120,2008-2017
252,251,120,336,1990-2017
252,323,120,252,1998-2017
252,251,120,252,1998-2017
252,323,120,120,2008-2017
336,120,120,252,1998-2017
336,120,120,120,2008-2017
336,120,120,336,1990-2017
336,323,120,336,1990-2017
336,251,120,120,2008-2017
336,251,120,336,1990-2017
336,323,120,252,1998-2017
336,251,120,252,1998-2017
336,323,120,120,2008-2017
120,120,120,252,1998-2017
120,120,120,120,2008-2017
120,120,120,336,1990-2017
120,323,120,336,1990-2017
120,251,120,120,2008-2017
120,251,120,336,1990-2017
120,323,120,252,1998-2017
120,251,120,252,1998-2017
120,323,120,120,2008-2017
120,251,120,120,2008-2017
120,251,120,336,1990-2017
120,120,120,252,1998-2017
120,120,120,336,1990-2017
120,323,120,252,1998-2017
120,323,120,120,2008-2017
120,120,120,120,2008-2017
120,251,120,252,1998-2017
120,323,120,336,1990-2017
336,251,120,120,2008-2017
336,251,120,336,1990-2017
336,120,120,252,1998-2017
336,120,120,336,1990-2017
336,323,120,252,1998-2017
336,323,120,120,2008-2017
336,120,120,120,2008-2017
336,251,120,252,1998-2017
336,323,120,336,1990-2017
252,251,120,120,2008-2017
252,251,120,336,1990-2017
252,120,120,252,1998-2017
252,120,120,336,1990-2017
252,323,120,252,1998-2017
252,323,120,120,2008-2017
252,120,120,120,2008-2017
252,251,120,252,1998-2017
252,323,120,336,1990-2017
335,119,119,119,2008-2017
335,323,119,251,1998-2017
335,323,119,335,1990-2017
335,251,119,251,1998-2017
335,251,119,335,1990-2017
335,251,119,119,2008-2017
335,323,119,119,2008-2017
335,119,119,335,1990-2017
335,119,119,251,1998-2017
251,119,119,119,2008-2017
251,323,119,251,1998-2017
251,323,119,335,1990-2017
251,251,119,251,1998-2017
251,251,119,335,1990-2017
251,251,119,119,2008-2017
251,323,119,119,2008-2017
251,119,119,335,1990-2017
251,119,119,251,1998-2017
119,119,119,119,2008-2017
119,323,119,251,1998-2017
119,323,119,335,1990-2017
119,251,119,251,1998-2017
119,251,119,335,1990-2017
119,251,119,119,2008-2017
119,323,119,119,2008-2017
119,119,119,335,1990-2017
119,119,119,251,1998-2017
120,252,120,251,1998-2017
120,252,120,332,1990-2017
120,252,120,119,2008-2017
120,324,120,332,1990-2017
120,120,120,251,1998-2017
120,120,120,332,1990-2017
120,324,120,119,2008-2017
120,120,120,119,2008-2017
120,324,120,251,1998-2017
335,252,120,251,1998-2017
335,252,120,332,1990-2017
335,252,120,119,2008-2017
335,324,120,332,1990-2017
335,120,120,251,1998-2017
335,120,120,332,1990-2017
335,324,120,119,2008-2017
335,120,120,119,2008-2017
335,324,120,251,1998-2017
252,252,120,251,1998-2017
252,252,120,332,1990-2017
252,252,120,119,2008-2017
252,324,120,332,1990-2017
252,120,120,251,1998-2017
252,120,120,332,1990-2017
252,324,120,119,2008-2017
252,120,120,119,2008-2017
252,324,120,251,1998-2017
119,119,119,335,1990-2017
119,119,119,119,2008-2017
119,119,119,251,1998-2017
119,251,119,119,2008-2017
119,251,119,251,1998-2017
119,323,119,335,1990-2017
119,251,119,335,1990-2017
119,323,119,119,2008-2017
119,323,119,251,1998-2017
335,119,119,335,1990-2017
335,119,119,119,2008-2017
335,119,119,251,1998-2017
335,251,119,119,2008-2017
335,251,119,251,1998-2017
335,323,119,335,1990-2017
335,251,119,335,1990-2017
335,323,119,119,2008-2017
335,323,119,251,1998-2017
251,119,119,335,1990-2017
251,119,119,119,2008-2017
251,119,119,251,1998-2017
251,251,119,119,2008-2017
251,251,119,251,1998-2017
251,323,119,335,1990-2017
251,251,119,335,1990-2017
251,323,119,119,2008-2017
251,323,119,251,1998-2017
117,120,120,241,1998-2017
117,120,120,120,2008-2017
117,119,120,120,2008-2017
117,120,120,120,2008-2017
117,120,120,120,2008-2017
117,120,120,120,2008-2017
117,120,120,120,2008-2017
117,120,120,248,1998-2017
117,120,73,120,2008-2017
117,120,73,248,1998-2017
110,113,119,249,1998-2017
110,113,119,119,2008-2017
110,113,73,119,2008-2017
110,113,73,249,1998-2017
117,119,119,119,2008-2017
117,119,217,220,1998-2017
117,119,119,220,1998-2017
117,119,217,119,2008-2017
118,120,120,251,1998-2017
118,120,218,120,2008-2017
118,120,120,120,2008-2017
118,120,218,251,1998-2017
118,120,120,120,2008-2017
118,120,120,120,2008-2017
118,120,120,240,1998-2017
118,120,120,120,2008-2017
116,120,119,120,2008-2017
113,117,216,244,1998-2017
113,117,119,244,1998-2017
113,117,119,117,2008-2017
113,117,216,117,2008-2017
116,118,119,119,2008-2017
111,113,115,114,2008-2017
116,120,119,120,2008-2017
117,120,119,120,2008-2017
116,120,119,120,2008-2017
116,120,119,120,2008-2017
115,119,119,119,2008-2017
116,118,118,118,2008-2017
117,120,120,120,2008-2017
117,120,120,120,2008-2017
118,120,120,120,2008-2017
40,40,40,40,2008-2017
40,40,40,40,2008-2017
40,40,74,40,2008-2017
40,76,40,78,1998-2017
40,40,40,40,2008-2017
40,76,74,78,1998-2017
40,76,74,40,2008-2017
40,76,40,40,2008-2017
40,40,40,78,1998-2017
40,40,74,78,1998-2017
40,81,78,40,2008-2017
40,81,40,82,1998-2017
40,40,78,40,2008-2017
40,81,78,82,1998-2017
40,81,40,40,2008-2017
40,40,40,82,1998-2017
40,40,78,82,1998-2017
40,40,40,40,2008-2017
40,40,40,40,2008-2017
40,40,40,40,2008-2017
40,40,40,40,2008-2017
40,40,40,40,2008-2017
40,40,40,40,2008-2017
40,40,40,84,1998-2017
40,84,78,40,2008-2017
40,84,40,84,1998-2017
40,84,40,40,2008-2017
40,40,78,84,1998-2017
40,40,78,40,2008-2017
40,84,78,84,1998-2017
40,40,40,40,2008-2017
40,40,76,82,1998-2017
40,82,40,82,1998-2017
40,82,40,40,2008-2017
40,82,76,82,1998-2017
40,40,76,40,2008-2017
40,82,76,40,2008-2017
40,40,40,82,1998-2017
40,40,40,40,2008-2017
40,40,40,40,2008-2017
40,81,40,110,1990-2017
40,103,77,110,1990-2017
40,103,77,83,1998-2017
40,81,77,40,2008-2017
40,81,40,40,2008-2017
40,81,40,83,1998-2017
40,81,77,110,1990-2017
40,40,40,83,1998-2017
40,40,77,110,1990-2017
40,40,77,40,2008-2017
40,103,77,40,2008-2017
40,40,40,40,2008-2017
40,103,40,110,1990-2017
40,81,77,83,1998-2017
40,40,40,110,1990-2017
40,40,77,83,1998-2017
40,103,40,40,2008-2017
40,103,40,83,1998-2017
40,40,76,82,1998-2017
40,40,76,40,2008-2017
40,81,76,82,1998-2017
40,40,40,40,2008-2017
40,40,40,82,1998-2017
40,81,76,40,2008-2017
40,81,40,82,1998-2017
40,81,40,40,2008-2017
40,40,40,40,2008-2017
40,40,40,40,2008-2017
36,103,78,40,2008-2017
36,103,78,111,1990-2017
36,83,78,40,2008-2017
36,83,78,111,1990-2017
36,40,40,84,1998-2017
36,40,40,40,2008-2017
36,40,40,111,1990-2017
36,83,40,84,1998-2017
36,103,78,84,1998-2017
36,83,40,111,1990-2017
36,83,78,84,1998-2017
36,103,40,84,1998-2017
36,40,78,84,1998-2017
36,40,78,40,2008-2017
36,40,78,111,1990-2017
36,83,40,40,2008-2017
36,103,40,40,2008-2017
36,103,40,111,1990-2017
36,40,40,40,2008-2017
40,40,40,40,2008-2017
40,72,72,40,2008-2017
40,72,72,72,1998-2017
40,40,72,72,1998-2017
40,72,40,72,1998-2017
40,40,40,72,1998-2017
40,72,40,40,2008-2017
40,40,72,40,2008-2017
40,40,40,40,2008-2017
40,40,40,40,2008-2017
40,40,74,40,2008-2017
40,74,40,40,2008-2017
40,74,74,74,1998-2017
40,74,74,40,2008-2017
40,74,40,74,1998-2017
40,40,40,74,1998-2017
40,40,74,74,1998-2017
40,40,40,40,2008-2017
39,39,39,39,2008-2017
40,101,40,111,1990-2017
40,101,40,84,1998-2017
40,101,78,40,2008-2017
40,101,40,40,2008-2017
40,101,78,84,1998-2017
40,40,40,40,2008-2017
40,40,40,111,1990-2017
40,101,78,111,1990-2017
40,40,78,40,2008-2017
40,40,78,111,1990-2017
40,40,78,84,1998-2017
40,40,40,84,1998-2017
40,82,40,111,1990-2017
40,82,40,84,1998-2017
40,82,78,40,2008-2017
40,82,78,111,1990-2017
40,82,78,84,1998-2017
40,82,40,40,2008-2017
40,101,40,84,1998-2017
40,101,40,104,1990-2017
40,101,40,40,2008-2017
40,101,77,104,1990-2017
40,101,77,40,2008-2017
40,40,40,84,1998-2017
40,101,77,84,1998-2017
40,40,40,40,2008-2017
40,40,77,84,1998-2017
40,40,77,104,1990-2017
40,40,77,40,2008-2017
40,83,40,84,1998-2017
40,83,40,104,1990-2017
40,83,40,40,2008-2017
40,83,77,84,1998-2017
40,83,77,104,1990-2017
40,83,77,40,2008-2017
40,40,40,104,1990-2017
37,39,39,39,2008-2017
37,39,39,81,1998-2017
37,39,78,39,2008-2017
37,80,39,39,2008-2017
37,80,39,81,1998-2017
37,80,78,39,2008-2017
37,80,78,81,1998-2017
37,39,78,81,1998-2017
40,40,40,40,2008-2017
40,40,40,40,2008-2017
40,40,40,40,2008-2017
38,38,38,38,2008-2017
38,39,77,81,1998-2017
38,39,39,39,2008-2017
38,39,39,81,1998-2017
38,39,77,39,2008-2017
38,80,77,81,1998-2017
38,80,39,39,2008-2017
38,80,39,81,1998-2017
38,80,77,39,2008-2017
39,40,77,40,2008-2017
39,40,40,40,2008-2017
39,40,40,81,1998-2017
39,81,77,40,2008-2017
39,40,77,81,1998-2017
39,81,40,40,2008-2017
39,81,40,81,1998-2017
39,81,77,81,1998-2017
40,40,40,40,2008-2017
36,40,40,40,2008-2017
36,40,40,40,2008-2017
36,40,40,40,2008-2017
39,40,40,40,2008-2017
39,40,40,82,1998-2017
39,40,77,40,2008-2017
39,40,77,82,1998-2017
39,81,40,40,2008-2017
39,81,40,82,1998-2017
39,81,77,40,2008-2017
39,81,77,82,1998-2017
40,40,40,82,1998-2017
40,40,40,40,2008-2017
40,40,78,82,1998-2017
40,40,78,40,2008-2017
40,81,40,82,1998-2017
40,81,40,40,2008-2017
40,81,78,82,1998-2017
40,81,78,40,2008-2017
38,38,39,38,2008-2017
37,38,38,38,2008-2017
39,40,40,40,2008-2017
37,36,36,37,2008-2017
38,37,38,37,2008-2017
37,37,38,37,2008-2017
119,216,72,120,2008-2017
119,216,72,216,1998-2017
119,216,119,120,2008-2017
119,216,119,216,1998-2017
119,120,72,120,2008-2017
119,120,72,216,1998-2017
119,120,119,120,2008-2017
119,120,119,216,1998-2017
118,119,118,120,2008-2017
119,234,239,252,1998-2017
119,234,239,120,2008-2017
119,234,119,252,1998-2017
119,234,119,120,2008-2017
119,120,239,252,1998-2017
119,120,239,120,2008-2017
119,120,119,252,1998-2017
119,120,119,120,2008-2017
118,120,119,120,2008-2017
118,120,119,216,1998-2017
118,120,72,120,2008-2017
118,120,72,216,1998-2017
118,72,119,120,2008-2017
118,72,119,216,1998-2017
118,72,72,120,2008-2017
118,72,72,216,1998-2017
119,120,72,120,2008-2017
119,120,72,216,1998-2017
119,120,119,120,2008-2017
119,120,119,216,1998-2017
119,216,72,120,2008-2017
119,216,72,216,1998-2017
119,216,119,120,2008-2017
119,216,119,216,1998-2017
119,216,72,120,2008-2017
119,216,72,216,1998-2017
119,216,119,120,2008-2017
119,216,119,216,1998-2017
119,120,72,120,2008-2017
119,120,72,216,1998-2017
119,120,119,120,2008-2017
119,120,119,216,1998-2017
119,216,119,216,1998-2017
119,216,119,120,2008-2017
119,216,72,216,1998-2017
119,216,72,120,2008-2017
119,120,119,216,1998-2017
119,120,119,120,2008-2017
119,120,72,216,1998-2017
119,120,72,120,2008-2017
119,120,119,216,1998-2017
119,120,119,120,2008-2017
119,120,72,216,1998-2017
119,120,72,120,2008-2017
119,216,119,216,1998-2017
119,216,119,120,2008-2017
119,216,72,216,1998-2017
119,216,72,120,2008-2017
119,120,119,120,2008-2017
119,120,119,216,1998-2017
119,120,72,120,2008-2017
119,120,72,216,1998-2017
119,216,119,120,2008-2017
119,216,119,216,1998-2017
119,216,72,120,2008-2017
119,216,72,216,1998-2017
119,120,119,216,1998-2017
119,120,119,120,2008-2017
119,120,72,216,1998-2017
119,120,72,120,2008-2017
119,216,119,216,1998-2017
119,216,119,120,2008-2017
119,216,72,216,1998-2017
119,216,72,120,2008-2017