"","num_id","s_id","Turbidity","Nitrogen","dominant_landcover","Longitude","lat","E.Coli","Phosphorus","period","Trend","percent_annual_change"
"1",1,"ARC-00001",39,39,"Native",174.5220565,-36.88883413,39,306,"1990-2017","Improving",">2% improving"
"15",15,"ARC-00008",40,40,"Pastoral",174.7105353,-36.3445107699999,40,311,"1990-2017","Improving",">2% improving"
"22",22,"ARC-00013",40,40,"Urban area",174.5946546,-36.89506569,40,317,"1990-2017","Improving",">2% improving"
"27",27,"ARC-00014",118,118,"Urban area",174.8457406,-36.9668253199999,118,101,"1990-2017","Indeterminate","0-1% improving"
"29",29,"ARC-00014",118,247,"Urban area",174.8457406,-36.9668253199999,118,101,"1990-2017","Indeterminate","0-1% improving"
"31",31,"ARC-00015",119,247,"Urban area",174.8806567,-36.96340205,119,319,"1990-2017","Improving",">2% improving"
"32",32,"ARC-00015",119,318,"Urban area",174.8806567,-36.96340205,119,319,"1990-2017","Improving",">2% improving"
"36",36,"ARC-00015",119,118,"Urban area",174.8806567,-36.96340205,119,319,"1990-2017","Improving",">2% improving"
"40",40,"ARC-00016",120,120,"Urban area",174.8907199,-36.95566215,120,307,"1990-2017","Improving",">2% improving"
"45",45,"ARC-00017",117,117,"Urban area",174.6947376,-36.73199419,117,321,"1990-2017","Improving",">2% improving"
"46",46,"ARC-00018",119,119,"Urban area",174.9080664,-36.9135907199999,119,101,"1990-2017","Improving",">2% improving"
"47",47,"ARC-00018",119,247,"Urban area",174.9080664,-36.9135907199999,119,101,"1990-2017","Improving",">2% improving"
"55",55,"ARC-00019",119,248,"Urban area",174.9029491,-36.93350176,119,101,"1990-2017","Improving",">2% improving"
"57",57,"ARC-00019",119,119,"Urban area",174.9029491,-36.93350176,119,101,"1990-2017","Improving",">2% improving"
"65",65,"ARC-00026",40,40,"Pastoral",174.6606423,-36.5508813999999,40,311,"1990-2017","Improving",">2% improving"
"95",95,"EBOP-00010",116,238,"Pastoral",176.212236339448,-38.0823617836286,114,109,"1990-2017","Worsening","1-2% worsening"
"96",96,"EBOP-00010",116,238,"Pastoral",176.212236339448,-38.0823617836286,108,109,"1990-2017","Worsening","1-2% worsening"
"97",97,"EBOP-00010",116,108,"Pastoral",176.212236339448,-38.0823617836286,114,109,"1990-2017","Worsening","1-2% worsening"
"100",100,"EBOP-00010",116,238,"Pastoral",176.212236339448,-38.0823617836286,243,109,"1990-2017","Worsening","1-2% worsening"
"106",106,"EBOP-00010",116,116,"Pastoral",176.212236339448,-38.0823617836286,243,109,"1990-2017","Worsening","1-2% worsening"
"107",107,"EBOP-00010",116,108,"Pastoral",176.212236339448,-38.0823617836286,108,109,"1990-2017","Worsening","1-2% worsening"
"108",108,"EBOP-00010",116,108,"Pastoral",176.212236339448,-38.0823617836286,243,109,"1990-2017","Worsening","1-2% worsening"
"111",111,"EBOP-00010",116,116,"Pastoral",176.212236339448,-38.0823617836286,108,109,"1990-2017","Worsening","1-2% worsening"
"118",118,"EBOP-00010",116,116,"Pastoral",176.212236339448,-38.0823617836286,114,109,"1990-2017","Worsening","1-2% worsening"
"121",121,"EBOP-00012",119,110,"Pastoral",176.331334024599,-38.04374524973,247,110,"1990-2017","Improving","1-2% improving"
"122",122,"EBOP-00012",119,119,"Pastoral",176.331334024599,-38.04374524973,108,110,"1990-2017","Improving","1-2% improving"
"129",129,"EBOP-00012",119,119,"Pastoral",176.331334024599,-38.04374524973,247,110,"1990-2017","Improving","1-2% improving"
"131",131,"EBOP-00012",119,110,"Pastoral",176.331334024599,-38.04374524973,108,110,"1990-2017","Improving","1-2% improving"
"133",133,"EBOP-00012",119,110,"Pastoral",176.331334024599,-38.04374524973,117,110,"1990-2017","Improving","1-2% improving"
"137",137,"EBOP-00012",119,243,"Pastoral",176.331334024599,-38.04374524973,117,110,"1990-2017","Improving","1-2% improving"
"138",138,"EBOP-00012",119,243,"Pastoral",176.331334024599,-38.04374524973,247,110,"1990-2017","Improving","1-2% improving"
"140",140,"EBOP-00012",119,119,"Pastoral",176.331334024599,-38.04374524973,117,110,"1990-2017","Improving","1-2% improving"
"143",143,"EBOP-00012",119,243,"Pastoral",176.331334024599,-38.04374524973,108,110,"1990-2017","Improving","1-2% improving"
"151",151,"EBOP-00019",117,101,"Pastoral",176.264682382987,-38.1556950047245,244,101,"1990-2017","Worsening","1-2% worsening"
"152",152,"EBOP-00019",117,101,"Pastoral",176.264682382987,-38.1556950047245,116,101,"1990-2017","Worsening","1-2% worsening"
"153",153,"EBOP-00019",117,238,"Pastoral",176.264682382987,-38.1556950047245,244,101,"1990-2017","Worsening","1-2% worsening"
"156",156,"EBOP-00019",117,118,"Pastoral",176.264682382987,-38.1556950047245,116,101,"1990-2017","Worsening","1-2% worsening"
"163",163,"EBOP-00019",117,118,"Pastoral",176.264682382987,-38.1556950047245,244,101,"1990-2017","Worsening","1-2% worsening"
"164",164,"EBOP-00019",117,238,"Pastoral",176.264682382987,-38.1556950047245,116,101,"1990-2017","Worsening","1-2% worsening"
"175",175,"EBOP-00042",118,233,"Native",176.983869308258,-38.0488160210074,238,110,"1990-2017","Worsening","0-1% worsening"
"177",177,"EBOP-00042",118,110,"Native",176.983869308258,-38.0488160210074,108,110,"1990-2017","Worsening","0-1% worsening"
"179",179,"EBOP-00042",118,110,"Native",176.983869308258,-38.0488160210074,238,110,"1990-2017","Worsening","0-1% worsening"
"181",181,"EBOP-00042",118,110,"Native",176.983869308258,-38.0488160210074,117,110,"1990-2017","Worsening","0-1% worsening"
"182",182,"EBOP-00042",118,118,"Native",176.983869308258,-38.0488160210074,117,110,"1990-2017","Worsening","0-1% worsening"
"186",186,"EBOP-00042",118,233,"Native",176.983869308258,-38.0488160210074,117,110,"1990-2017","Worsening","0-1% worsening"
"188",188,"EBOP-00042",118,233,"Native",176.983869308258,-38.0488160210074,108,110,"1990-2017","Worsening","0-1% worsening"
"192",192,"EBOP-00042",118,118,"Native",176.983869308258,-38.0488160210074,108,110,"1990-2017","Worsening","0-1% worsening"
"195",195,"EBOP-00042",118,118,"Native",176.983869308258,-38.0488160210074,238,110,"1990-2017","Worsening","0-1% worsening"
"294",294,"ECAN-00084",118,118,"Pastoral",172.682471176573,-43.7564465437555,117,102,"1990-2017","Improving","1-2% improving"
"297",297,"ECAN-00084",118,246,"Pastoral",172.682471176573,-43.7564465437555,117,102,"1990-2017","Improving","1-2% improving"
"304",304,"ECAN-00086",119,247,"Pastoral",172.412879877624,-43.6961208124405,40,101,"1990-2017","Improving","1-2% improving"
"305",305,"ECAN-00086",119,119,"Pastoral",172.412879877624,-43.6961208124405,40,101,"1990-2017","Improving","1-2% improving"
"325",325,"ECAN-00097",119,119,"Pastoral",172.526588838041,-43.6843013258121,118,101,"1990-2017","Improving","0-1% improving"
"329",329,"ECAN-00097",119,247,"Pastoral",172.526588838041,-43.6843013258121,118,101,"1990-2017","Improving","0-1% improving"
"331",331,"ECAN-00100",40,84,"Pastoral",172.79554718591,-43.7873966118837,40,102,"1990-2017","Indeterminate","0-1% worsening"
"334",334,"ECAN-00100",40,40,"Pastoral",172.79554718591,-43.7873966118837,40,102,"1990-2017","Indeterminate","0-1% worsening"
"336",336,"ECAN-00101",116,246,"Pastoral",172.796801044407,-43.7649712684703,116,102,"1990-2017","Indeterminate","0-1% worsening"
"337",337,"ECAN-00101",116,116,"Pastoral",172.796801044407,-43.7649712684703,116,102,"1990-2017","Indeterminate","0-1% worsening"
"413",413,"ES-00021",120,120,"Pastoral",168.777560827914,-46.3890685346813,234,334,"1990-2017","Improving","1-2% improving"
"416",416,"ES-00021",120,120,"Pastoral",168.777560827914,-46.3890685346813,120,334,"1990-2017","Improving","1-2% improving"
"643",643,"EW-00077",120,120,"Pastoral",175.206777865847,-37.6977289352494,118,335,"1990-2017","Improving","0-1% improving"
"647",647,"EW-00077",120,120,"Pastoral",175.206777865847,-37.6977289352494,237,335,"1990-2017","Improving","0-1% improving"
"649",649,"EW-00078",120,120,"Pastoral",175.154277323428,-37.5662443743287,237,335,"1990-2017","Improving","1-2% improving"
"653",653,"EW-00078",120,120,"Pastoral",175.154277323428,-37.5662443743287,117,335,"1990-2017","Improving","1-2% improving"
"655",655,"EW-00079",120,120,"Pastoral",175.046703329257,-37.281271741161,237,336,"1990-2017","Improving","1-2% improving"
"659",659,"EW-00079",120,120,"Pastoral",175.046703329257,-37.281271741161,118,336,"1990-2017","Improving","1-2% improving"
"663",663,"EW-00082",119,119,"Native",176.303745860361,-38.5327953576151,117,335,"1990-2017","Improving","1-2% improving"
"665",665,"EW-00082",119,119,"Native",176.303745860361,-38.5327953576151,236,335,"1990-2017","Improving","1-2% improving"
"667",667,"EW-00083",119,119,"Pastoral",176.086134019175,-38.406997966736,117,334,"1990-2017","Improving","0-1% improving"
"668",668,"EW-00083",119,119,"Pastoral",176.086134019175,-38.406997966736,236,334,"1990-2017","Improving","0-1% improving"
"674",674,"EW-00084",120,120,"Pastoral",174.945178573855,-37.2960074716085,237,112,"1990-2017","Improving","1-2% improving"
"678",678,"EW-00084",120,120,"Pastoral",174.945178573855,-37.2960074716085,118,112,"1990-2017","Improving","1-2% improving"
"679",679,"EW-00085",119,119,"Pastoral",175.685227433566,-38.285510362379,235,334,"1990-2017","Improving","0-1% improving"
"683",683,"EW-00085",119,119,"Pastoral",175.685227433566,-38.285510362379,116,334,"1990-2017","Improving","0-1% improving"
"685",685,"EW-00086",110,110,"Pastoral",175.806337994402,-38.4187135947562,108,111,"1990-2017","Indeterminate","0-1% improving"
"688",688,"EW-00086",110,110,"Pastoral",175.806337994402,-38.4187135947562,227,111,"1990-2017","Indeterminate","0-1% improving"
"761",761,"EW-00119",119,119,"Native",176.06993982251,-38.6810584711027,236,335,"1990-2017","Improving","1-2% improving"
"930",930,"NAT-AK01",335,251,"Pastoral",174.5169716,-36.38527369,120,334,"1990-2017","Indeterminate","0-1% improving"
"932",932,"NAT-AK01",335,322,"Pastoral",174.5169716,-36.38527369,120,334,"1990-2017","Indeterminate","0-1% improving"
"934",934,"NAT-AK01",335,119,"Pastoral",174.5169716,-36.38527369,120,334,"1990-2017","Indeterminate","0-1% improving"
"939",939,"NAT-AK01",252,251,"Pastoral",174.5169716,-36.38527369,120,334,"1990-2017","Indeterminate","0-1% improving"
"941",941,"NAT-AK01",252,322,"Pastoral",174.5169716,-36.38527369,120,334,"1990-2017","Indeterminate","0-1% improving"
"943",943,"NAT-AK01",252,119,"Pastoral",174.5169716,-36.38527369,120,334,"1990-2017","Indeterminate","0-1% improving"
"948",948,"NAT-AK01",120,251,"Pastoral",174.5169716,-36.38527369,120,334,"1990-2017","Indeterminate","0-1% improving"
"950",950,"NAT-AK01",120,322,"Pastoral",174.5169716,-36.38527369,120,334,"1990-2017","Indeterminate","0-1% improving"
"952",952,"NAT-AK01",120,119,"Pastoral",174.5169716,-36.38527369,120,334,"1990-2017","Indeterminate","0-1% improving"
"956",956,"NAT-AK02",120,118,"Pastoral",174.6179148,-36.74427866,120,333,"1990-2017","Indeterminate","0-1% improving"
"957",957,"NAT-AK02",120,250,"Pastoral",174.6179148,-36.74427866,120,333,"1990-2017","Indeterminate","0-1% improving"
"961",961,"NAT-AK02",120,321,"Pastoral",174.6179148,-36.74427866,120,333,"1990-2017","Indeterminate","0-1% improving"
"965",965,"NAT-AK02",252,118,"Pastoral",174.6179148,-36.74427866,120,333,"1990-2017","Indeterminate","0-1% improving"
"966",966,"NAT-AK02",252,250,"Pastoral",174.6179148,-36.74427866,120,333,"1990-2017","Indeterminate","0-1% improving"
"970",970,"NAT-AK02",252,321,"Pastoral",174.6179148,-36.74427866,120,333,"1990-2017","Indeterminate","0-1% improving"
"974",974,"NAT-AK02",335,118,"Pastoral",174.6179148,-36.74427866,120,333,"1990-2017","Indeterminate","0-1% improving"
"975",975,"NAT-AK02",335,250,"Pastoral",174.6179148,-36.74427866,120,333,"1990-2017","Indeterminate","0-1% improving"
"979",979,"NAT-AK02",335,321,"Pastoral",174.6179148,-36.74427866,120,333,"1990-2017","Indeterminate","0-1% improving"
"982",982,"NAT-AX01",119,251,"Native",169.2805783,-44.72909654,120,332,"1990-2017","Improving","0-1% improving"
"984",984,"NAT-AX01",119,120,"Native",169.2805783,-44.72909654,120,332,"1990-2017","Improving","0-1% improving"
"986",986,"NAT-AX01",119,322,"Native",169.2805783,-44.72909654,120,332,"1990-2017","Improving","0-1% improving"
"991",991,"NAT-AX01",250,251,"Native",169.2805783,-44.72909654,120,332,"1990-2017","Improving","0-1% improving"
"993",993,"NAT-AX01",250,120,"Native",169.2805783,-44.72909654,120,332,"1990-2017","Improving","0-1% improving"
"995",995,"NAT-AX01",250,322,"Native",169.2805783,-44.72909654,120,332,"1990-2017","Improving","0-1% improving"
"1000",1000,"NAT-AX01",333,251,"Native",169.2805783,-44.72909654,120,332,"1990-2017","Improving","0-1% improving"
"1002",1002,"NAT-AX01",333,120,"Native",169.2805783,-44.72909654,120,332,"1990-2017","Improving","0-1% improving"
"1004",1004,"NAT-AX01",333,322,"Native",169.2805783,-44.72909654,120,332,"1990-2017","Improving","0-1% improving"
"1010",1010,"NAT-AX02",330,246,"Native",168.8687454,-45.0063639,117,329,"1990-2017","Indeterminate","0-1% worsening"
"1013",1013,"NAT-AX02",330,316,"Native",168.8687454,-45.0063639,117,329,"1990-2017","Indeterminate","0-1% worsening"
"1014",1014,"NAT-AX02",330,117,"Native",168.8687454,-45.0063639,117,329,"1990-2017","Indeterminate","0-1% worsening"
"1019",1019,"NAT-AX02",248,246,"Native",168.8687454,-45.0063639,117,329,"1990-2017","Indeterminate","0-1% worsening"
"1022",1022,"NAT-AX02",248,316,"Native",168.8687454,-45.0063639,117,329,"1990-2017","Indeterminate","0-1% worsening"
"1023",1023,"NAT-AX02",248,117,"Native",168.8687454,-45.0063639,117,329,"1990-2017","Indeterminate","0-1% worsening"
"1028",1028,"NAT-AX02",117,246,"Native",168.8687454,-45.0063639,117,329,"1990-2017","Indeterminate","0-1% worsening"
"1031",1031,"NAT-AX02",117,316,"Native",168.8687454,-45.0063639,117,329,"1990-2017","Indeterminate","0-1% worsening"
"1032",1032,"NAT-AX02",117,117,"Native",168.8687454,-45.0063639,117,329,"1990-2017","Indeterminate","0-1% worsening"
"1037",1037,"NAT-AX03",120,251,"Native",168.714982,-44.98997365,120,334,"1990-2017","Improving","1-2% improving"
"1039",1039,"NAT-AX03",120,120,"Native",168.714982,-44.98997365,120,334,"1990-2017","Improving","1-2% improving"
"1042",1042,"NAT-AX03",120,322,"Native",168.714982,-44.98997365,120,334,"1990-2017","Improving","1-2% improving"
"1046",1046,"NAT-AX03",334,251,"Native",168.714982,-44.98997365,120,334,"1990-2017","Improving","1-2% improving"
"1048",1048,"NAT-AX03",334,120,"Native",168.714982,-44.98997365,120,334,"1990-2017","Improving","1-2% improving"
"1051",1051,"NAT-AX03",334,322,"Native",168.714982,-44.98997365,120,334,"1990-2017","Improving","1-2% improving"
"1055",1055,"NAT-AX03",251,251,"Native",168.714982,-44.98997365,120,334,"1990-2017","Improving","1-2% improving"
"1057",1057,"NAT-AX03",251,120,"Native",168.714982,-44.98997365,120,334,"1990-2017","Improving","1-2% improving"
"1060",1060,"NAT-AX03",251,322,"Native",168.714982,-44.98997365,120,334,"1990-2017","Improving","1-2% improving"
"1064",1064,"NAT-AX04",332,316,"Pastoral",169.4100638,-45.66474969,119,330,"1990-2017","Improving","1-2% improving"
"1066",1066,"NAT-AX04",332,246,"Pastoral",169.4100638,-45.66474969,119,330,"1990-2017","Improving","1-2% improving"
"1070",1070,"NAT-AX04",332,118,"Pastoral",169.4100638,-45.66474969,119,330,"1990-2017","Improving","1-2% improving"
"1073",1073,"NAT-AX04",250,316,"Pastoral",169.4100638,-45.66474969,119,330,"1990-2017","Improving","1-2% improving"
"1075",1075,"NAT-AX04",250,246,"Pastoral",169.4100638,-45.66474969,119,330,"1990-2017","Improving","1-2% improving"
"1079",1079,"NAT-AX04",250,118,"Pastoral",169.4100638,-45.66474969,119,330,"1990-2017","Improving","1-2% improving"
"1082",1082,"NAT-AX04",119,316,"Pastoral",169.4100638,-45.66474969,119,330,"1990-2017","Improving","1-2% improving"
"1084",1084,"NAT-AX04",119,246,"Pastoral",169.4100638,-45.66474969,119,330,"1990-2017","Improving","1-2% improving"
"1088",1088,"NAT-AX04",119,118,"Pastoral",169.4100638,-45.66474969,119,330,"1990-2017","Improving","1-2% improving"
"1089",1089,"NAT-CH01",119,251,"Native",172.5415535,-42.79038859,119,335,"1990-2017","Indeterminate","0-1% improving"
"1094",1094,"NAT-CH01",119,119,"Native",172.5415535,-42.79038859,119,335,"1990-2017","Indeterminate","0-1% improving"
"1096",1096,"NAT-CH01",119,323,"Native",172.5415535,-42.79038859,119,335,"1990-2017","Indeterminate","0-1% improving"
"1098",1098,"NAT-CH01",251,251,"Native",172.5415535,-42.79038859,119,335,"1990-2017","Indeterminate","0-1% improving"
"1103",1103,"NAT-CH01",251,119,"Native",172.5415535,-42.79038859,119,335,"1990-2017","Indeterminate","0-1% improving"
"1105",1105,"NAT-CH01",251,323,"Native",172.5415535,-42.79038859,119,335,"1990-2017","Indeterminate","0-1% improving"
"1107",1107,"NAT-CH01",335,251,"Native",172.5415535,-42.79038859,119,335,"1990-2017","Indeterminate","0-1% improving"
"1112",1112,"NAT-CH01",335,119,"Native",172.5415535,-42.79038859,119,335,"1990-2017","Indeterminate","0-1% improving"
"1114",1114,"NAT-CH01",335,323,"Native",172.5415535,-42.79038859,119,335,"1990-2017","Indeterminate","0-1% improving"
"1117",1117,"NAT-CH02",120,251,"Pastoral",173.097933249528,-42.8991145309469,120,335,"1990-2017","Improving","1-2% improving"
"1120",1120,"NAT-CH02",120,323,"Pastoral",173.097933249528,-42.8991145309469,120,335,"1990-2017","Improving","1-2% improving"
"1124",1124,"NAT-CH02",120,120,"Pastoral",173.097933249528,-42.8991145309469,120,335,"1990-2017","Improving","1-2% improving"
"1126",1126,"NAT-CH02",336,251,"Pastoral",173.097933249528,-42.8991145309469,120,335,"1990-2017","Improving","1-2% improving"
"1129",1129,"NAT-CH02",336,323,"Pastoral",173.097933249528,-42.8991145309469,120,335,"1990-2017","Improving","1-2% improving"
"1133",1133,"NAT-CH02",336,120,"Pastoral",173.097933249528,-42.8991145309469,120,335,"1990-2017","Improving","1-2% improving"
"1135",1135,"NAT-CH02",252,251,"Pastoral",173.097933249528,-42.8991145309469,120,335,"1990-2017","Improving","1-2% improving"
"1138",1138,"NAT-CH02",252,323,"Pastoral",173.097933249528,-42.8991145309469,120,335,"1990-2017","Improving","1-2% improving"
"1142",1142,"NAT-CH02",252,120,"Pastoral",173.097933249528,-42.8991145309469,120,335,"1990-2017","Improving","1-2% improving"
"1143",1143,"NAT-CH03",335,323,"Native",172.051179,-43.35899784,120,333,"1990-2017","Improving","0-1% improving"
"1144",1144,"NAT-CH03",335,251,"Native",172.051179,-43.35899784,120,333,"1990-2017","Improving","0-1% improving"
"1150",1150,"NAT-CH03",335,119,"Native",172.051179,-43.35899784,120,333,"1990-2017","Improving","0-1% improving"
"1152",1152,"NAT-CH03",251,323,"Native",172.051179,-43.35899784,120,333,"1990-2017","Improving","0-1% improving"
"1153",1153,"NAT-CH03",251,251,"Native",172.051179,-43.35899784,120,333,"1990-2017","Improving","0-1% improving"
"1159",1159,"NAT-CH03",251,119,"Native",172.051179,-43.35899784,120,333,"1990-2017","Improving","0-1% improving"
"1161",1161,"NAT-CH03",119,323,"Native",172.051179,-43.35899784,120,333,"1990-2017","Improving","0-1% improving"
"1162",1162,"NAT-CH03",119,251,"Native",172.051179,-43.35899784,120,333,"1990-2017","Improving","0-1% improving"
"1168",1168,"NAT-CH03",119,119,"Native",172.051179,-43.35899784,120,333,"1990-2017","Improving","0-1% improving"
"1171",1171,"NAT-CH04",251,119,"Pastoral",172.645472082151,-43.4168377632229,119,335,"1990-2017","Improving","0-1% improving"
"1173",1173,"NAT-CH04",251,323,"Pastoral",172.645472082151,-43.4168377632229,119,335,"1990-2017","Improving","0-1% improving"
"1175",1175,"NAT-CH04",251,251,"Pastoral",172.645472082151,-43.4168377632229,119,335,"1990-2017","Improving","0-1% improving"
"1180",1180,"NAT-CH04",335,119,"Pastoral",172.645472082151,-43.4168377632229,119,335,"1990-2017","Improving","0-1% improving"
"1182",1182,"NAT-CH04",335,323,"Pastoral",172.645472082151,-43.4168377632229,119,335,"1990-2017","Improving","0-1% improving"
"1184",1184,"NAT-CH04",335,251,"Pastoral",172.645472082151,-43.4168377632229,119,335,"1990-2017","Improving","0-1% improving"
"1189",1189,"NAT-CH04",119,119,"Pastoral",172.645472082151,-43.4168377632229,119,335,"1990-2017","Improving","0-1% improving"
"1191",1191,"NAT-CH04",119,323,"Pastoral",172.645472082151,-43.4168377632229,119,335,"1990-2017","Improving","0-1% improving"
"1193",1193,"NAT-CH04",119,251,"Pastoral",172.645472082151,-43.4168377632229,119,335,"1990-2017","Improving","0-1% improving"
"1201",1201,"NAT-DN02",252,251,"Pastoral",170.0941372,-45.59619921,118,334,"1990-2017","Worsening","0-1% worsening"
"1202",1202,"NAT-DN02",252,120,"Pastoral",170.0941372,-45.59619921,118,334,"1990-2017","Worsening","0-1% worsening"
"1204",1204,"NAT-DN02",252,323,"Pastoral",170.0941372,-45.59619921,118,334,"1990-2017","Worsening","0-1% worsening"
"1210",1210,"NAT-DN02",335,251,"Pastoral",170.0941372,-45.59619921,118,334,"1990-2017","Worsening","0-1% worsening"
"1211",1211,"NAT-DN02",335,120,"Pastoral",170.0941372,-45.59619921,118,334,"1990-2017","Worsening","0-1% worsening"
"1213",1213,"NAT-DN02",335,323,"Pastoral",170.0941372,-45.59619921,118,334,"1990-2017","Worsening","0-1% worsening"
"1219",1219,"NAT-DN02",120,251,"Pastoral",170.0941372,-45.59619921,118,334,"1990-2017","Worsening","0-1% worsening"
"1220",1220,"NAT-DN02",120,120,"Pastoral",170.0941372,-45.59619921,118,334,"1990-2017","Worsening","0-1% worsening"
"1222",1222,"NAT-DN02",120,323,"Pastoral",170.0941372,-45.59619921,118,334,"1990-2017","Worsening","0-1% worsening"
"1226",1226,"NAT-DN04",252,323,"Pastoral",169.7479876,-46.23727757,119,335,"1990-2017","Improving","0-1% improving"
"1227",1227,"NAT-DN04",252,251,"Pastoral",169.7479876,-46.23727757,119,335,"1990-2017","Improving","0-1% improving"
"1231",1231,"NAT-DN04",252,120,"Pastoral",169.7479876,-46.23727757,119,335,"1990-2017","Improving","0-1% improving"
"1235",1235,"NAT-DN04",336,323,"Pastoral",169.7479876,-46.23727757,119,335,"1990-2017","Improving","0-1% improving"
"1236",1236,"NAT-DN04",336,251,"Pastoral",169.7479876,-46.23727757,119,335,"1990-2017","Improving","0-1% improving"
"1240",1240,"NAT-DN04",336,120,"Pastoral",169.7479876,-46.23727757,119,335,"1990-2017","Improving","0-1% improving"
"1244",1244,"NAT-DN04",120,323,"Pastoral",169.7479876,-46.23727757,119,335,"1990-2017","Improving","0-1% improving"
"1245",1245,"NAT-DN04",120,251,"Pastoral",169.7479876,-46.23727757,119,335,"1990-2017","Improving","0-1% improving"
"1249",1249,"NAT-DN04",120,120,"Pastoral",169.7479876,-46.23727757,119,335,"1990-2017","Improving","0-1% improving"
"1254",1254,"NAT-DN05",336,120,"Pastoral",168.796724630494,-46.3894404064308,119,334,"1990-2017","Improving","0-1% improving"
"1257",1257,"NAT-DN05",336,251,"Pastoral",168.796724630494,-46.3894404064308,119,334,"1990-2017","Improving","0-1% improving"
"1259",1259,"NAT-DN05",336,323,"Pastoral",168.796724630494,-46.3894404064308,119,334,"1990-2017","Improving","0-1% improving"
"1263",1263,"NAT-DN05",252,120,"Pastoral",168.796724630494,-46.3894404064308,119,334,"1990-2017","Improving","0-1% improving"
"1266",1266,"NAT-DN05",252,251,"Pastoral",168.796724630494,-46.3894404064308,119,334,"1990-2017","Improving","0-1% improving"
"1268",1268,"NAT-DN05",252,323,"Pastoral",168.796724630494,-46.3894404064308,119,334,"1990-2017","Improving","0-1% improving"
"1272",1272,"NAT-DN05",120,120,"Pastoral",168.796724630494,-46.3894404064308,119,334,"1990-2017","Improving","0-1% improving"
"1275",1275,"NAT-DN05",120,251,"Pastoral",168.796724630494,-46.3894404064308,119,334,"1990-2017","Improving","0-1% improving"
"1277",1277,"NAT-DN05",120,323,"Pastoral",168.796724630494,-46.3894404064308,119,334,"1990-2017","Improving","0-1% improving"
"1282",1282,"NAT-DN06",336,322,"Pastoral",168.561467430689,-45.5594017593903,234,335,"1990-2017","Indeterminate","0-1% worsening"
"1284",1284,"NAT-DN06",336,120,"Pastoral",168.561467430689,-45.5594017593903,120,335,"1990-2017","Indeterminate","0-1% worsening"
"1286",1286,"NAT-DN06",336,322,"Pastoral",168.561467430689,-45.5594017593903,120,335,"1990-2017","Indeterminate","0-1% worsening"
"1288",1288,"NAT-DN06",336,251,"Pastoral",168.561467430689,-45.5594017593903,120,335,"1990-2017","Indeterminate","0-1% worsening"
"1291",1291,"NAT-DN06",336,120,"Pastoral",168.561467430689,-45.5594017593903,234,335,"1990-2017","Indeterminate","0-1% worsening"
"1295",1295,"NAT-DN06",336,251,"Pastoral",168.561467430689,-45.5594017593903,234,335,"1990-2017","Indeterminate","0-1% worsening"
"1300",1300,"NAT-DN06",120,322,"Pastoral",168.561467430689,-45.5594017593903,234,335,"1990-2017","Indeterminate","0-1% worsening"
"1302",1302,"NAT-DN06",120,120,"Pastoral",168.561467430689,-45.5594017593903,120,335,"1990-2017","Indeterminate","0-1% worsening"
"1304",1304,"NAT-DN06",120,322,"Pastoral",168.561467430689,-45.5594017593903,120,335,"1990-2017","Indeterminate","0-1% worsening"
"1306",1306,"NAT-DN06",120,251,"Pastoral",168.561467430689,-45.5594017593903,120,335,"1990-2017","Indeterminate","0-1% worsening"
"1309",1309,"NAT-DN06",120,120,"Pastoral",168.561467430689,-45.5594017593903,234,335,"1990-2017","Indeterminate","0-1% worsening"
"1313",1313,"NAT-DN06",120,251,"Pastoral",168.561467430689,-45.5594017593903,234,335,"1990-2017","Indeterminate","0-1% worsening"
"1318",1318,"NAT-DN06",252,322,"Pastoral",168.561467430689,-45.5594017593903,234,335,"1990-2017","Indeterminate","0-1% worsening"
"1320",1320,"NAT-DN06",252,120,"Pastoral",168.561467430689,-45.5594017593903,120,335,"1990-2017","Indeterminate","0-1% worsening"
"1322",1322,"NAT-DN06",252,322,"Pastoral",168.561467430689,-45.5594017593903,120,335,"1990-2017","Indeterminate","0-1% worsening"
"1324",1324,"NAT-DN06",252,251,"Pastoral",168.561467430689,-45.5594017593903,120,335,"1990-2017","Indeterminate","0-1% worsening"
"1327",1327,"NAT-DN06",252,120,"Pastoral",168.561467430689,-45.5594017593903,234,335,"1990-2017","Indeterminate","0-1% worsening"
"1331",1331,"NAT-DN06",252,251,"Pastoral",168.561467430689,-45.5594017593903,234,335,"1990-2017","Indeterminate","0-1% worsening"
"1334",1334,"NAT-DN07",336,323,"Pastoral",168.427766948936,-45.7162088027125,120,335,"1990-2017","Indeterminate","0-1% improving"
"1344",1344,"NAT-DN07",336,120,"Pastoral",168.427766948936,-45.7162088027125,221,335,"1990-2017","Indeterminate","0-1% improving"
"1345",1345,"NAT-DN07",336,251,"Pastoral",168.427766948936,-45.7162088027125,120,335,"1990-2017","Indeterminate","0-1% improving"
"1347",1347,"NAT-DN07",336,323,"Pastoral",168.427766948936,-45.7162088027125,221,335,"1990-2017","Indeterminate","0-1% improving"
"1348",1348,"NAT-DN07",336,251,"Pastoral",168.427766948936,-45.7162088027125,221,335,"1990-2017","Indeterminate","0-1% improving"
"1349",1349,"NAT-DN07",336,120,"Pastoral",168.427766948936,-45.7162088027125,120,335,"1990-2017","Indeterminate","0-1% improving"
"1352",1352,"NAT-DN07",120,323,"Pastoral",168.427766948936,-45.7162088027125,120,335,"1990-2017","Indeterminate","0-1% improving"
"1362",1362,"NAT-DN07",120,120,"Pastoral",168.427766948936,-45.7162088027125,221,335,"1990-2017","Indeterminate","0-1% improving"
"1363",1363,"NAT-DN07",120,251,"Pastoral",168.427766948936,-45.7162088027125,120,335,"1990-2017","Indeterminate","0-1% improving"
"1365",1365,"NAT-DN07",120,323,"Pastoral",168.427766948936,-45.7162088027125,221,335,"1990-2017","Indeterminate","0-1% improving"
"1366",1366,"NAT-DN07",120,251,"Pastoral",168.427766948936,-45.7162088027125,221,335,"1990-2017","Indeterminate","0-1% improving"
"1367",1367,"NAT-DN07",120,120,"Pastoral",168.427766948936,-45.7162088027125,120,335,"1990-2017","Indeterminate","0-1% improving"
"1370",1370,"NAT-DN07",252,323,"Pastoral",168.427766948936,-45.7162088027125,120,335,"1990-2017","Indeterminate","0-1% improving"
"1380",1380,"NAT-DN07",252,120,"Pastoral",168.427766948936,-45.7162088027125,221,335,"1990-2017","Indeterminate","0-1% improving"
"1381",1381,"NAT-DN07",252,251,"Pastoral",168.427766948936,-45.7162088027125,120,335,"1990-2017","Indeterminate","0-1% improving"
"1383",1383,"NAT-DN07",252,323,"Pastoral",168.427766948936,-45.7162088027125,221,335,"1990-2017","Indeterminate","0-1% improving"
"1384",1384,"NAT-DN07",252,251,"Pastoral",168.427766948936,-45.7162088027125,221,335,"1990-2017","Indeterminate","0-1% improving"
"1385",1385,"NAT-DN07",252,120,"Pastoral",168.427766948936,-45.7162088027125,120,335,"1990-2017","Indeterminate","0-1% improving"
"1387",1387,"NAT-DN09",251,251,"Native",167.685996922745,-46.1307733359097,120,333,"1990-2017","Indeterminate","0-1% improving"
"1388",1388,"NAT-DN09",251,251,"Native",167.685996922745,-46.1307733359097,219,333,"1990-2017","Indeterminate","0-1% improving"
"1390",1390,"NAT-DN09",251,322,"Native",167.685996922745,-46.1307733359097,219,333,"1990-2017","Indeterminate","0-1% improving"
"1393",1393,"NAT-DN09",251,322,"Native",167.685996922745,-46.1307733359097,120,333,"1990-2017","Indeterminate","0-1% improving"
"1398",1398,"NAT-DN09",251,120,"Native",167.685996922745,-46.1307733359097,219,333,"1990-2017","Indeterminate","0-1% improving"
"1403",1403,"NAT-DN09",251,120,"Native",167.685996922745,-46.1307733359097,120,333,"1990-2017","Indeterminate","0-1% improving"
"1405",1405,"NAT-DN09",120,251,"Native",167.685996922745,-46.1307733359097,120,333,"1990-2017","Indeterminate","0-1% improving"
"1406",1406,"NAT-DN09",120,251,"Native",167.685996922745,-46.1307733359097,219,333,"1990-2017","Indeterminate","0-1% improving"
"1408",1408,"NAT-DN09",120,322,"Native",167.685996922745,-46.1307733359097,219,333,"1990-2017","Indeterminate","0-1% improving"
"1411",1411,"NAT-DN09",120,322,"Native",167.685996922745,-46.1307733359097,120,333,"1990-2017","Indeterminate","0-1% improving"
"1416",1416,"NAT-DN09",120,120,"Native",167.685996922745,-46.1307733359097,219,333,"1990-2017","Indeterminate","0-1% improving"
"1421",1421,"NAT-DN09",120,120,"Native",167.685996922745,-46.1307733359097,120,333,"1990-2017","Indeterminate","0-1% improving"
"1423",1423,"NAT-DN09",335,251,"Native",167.685996922745,-46.1307733359097,120,333,"1990-2017","Indeterminate","0-1% improving"
"1424",1424,"NAT-DN09",335,251,"Native",167.685996922745,-46.1307733359097,219,333,"1990-2017","Indeterminate","0-1% improving"
"1426",1426,"NAT-DN09",335,322,"Native",167.685996922745,-46.1307733359097,219,333,"1990-2017","Indeterminate","0-1% improving"
"1429",1429,"NAT-DN09",335,322,"Native",167.685996922745,-46.1307733359097,120,333,"1990-2017","Indeterminate","0-1% improving"
"1434",1434,"NAT-DN09",335,120,"Native",167.685996922745,-46.1307733359097,219,333,"1990-2017","Indeterminate","0-1% improving"
"1439",1439,"NAT-DN09",335,120,"Native",167.685996922745,-46.1307733359097,120,333,"1990-2017","Indeterminate","0-1% improving"
"1442",1442,"NAT-DN10",109,311,"Native",167.5342637,-45.80502969,109,323,"1990-2017","Indeterminate","0-1% worsening"
"1443",1443,"NAT-DN10",109,240,"Native",167.5342637,-45.80502969,109,323,"1990-2017","Indeterminate","0-1% worsening"
"1448",1448,"NAT-DN10",109,109,"Native",167.5342637,-45.80502969,109,323,"1990-2017","Indeterminate","0-1% worsening"
"1451",1451,"NAT-DN10",324,311,"Native",167.5342637,-45.80502969,109,323,"1990-2017","Indeterminate","0-1% worsening"
"1452",1452,"NAT-DN10",324,240,"Native",167.5342637,-45.80502969,109,323,"1990-2017","Indeterminate","0-1% worsening"
"1457",1457,"NAT-DN10",324,109,"Native",167.5342637,-45.80502969,109,323,"1990-2017","Indeterminate","0-1% worsening"
"1460",1460,"NAT-DN10",240,311,"Native",167.5342637,-45.80502969,109,323,"1990-2017","Indeterminate","0-1% worsening"
"1461",1461,"NAT-DN10",240,240,"Native",167.5342637,-45.80502969,109,323,"1990-2017","Indeterminate","0-1% worsening"
"1466",1466,"NAT-DN10",240,109,"Native",167.5342637,-45.80502969,109,323,"1990-2017","Indeterminate","0-1% worsening"
"1467",1467,"NAT-GS01",120,251,"Pastoral",177.8818198,-38.46854899,120,334,"1990-2017","Improving",">2% improving"
"1469",1469,"NAT-GS01",120,323,"Pastoral",177.8818198,-38.46854899,120,334,"1990-2017","Improving",">2% improving"
"1470",1470,"NAT-GS01",120,120,"Pastoral",177.8818198,-38.46854899,120,334,"1990-2017","Improving",">2% improving"
"1476",1476,"NAT-GS01",251,251,"Pastoral",177.8818198,-38.46854899,120,334,"1990-2017","Improving",">2% improving"
"1478",1478,"NAT-GS01",251,323,"Pastoral",177.8818198,-38.46854899,120,334,"1990-2017","Improving",">2% improving"
"1479",1479,"NAT-GS01",251,120,"Pastoral",177.8818198,-38.46854899,120,334,"1990-2017","Improving",">2% improving"
"1485",1485,"NAT-GS01",335,251,"Pastoral",177.8818198,-38.46854899,120,334,"1990-2017","Improving",">2% improving"
"1487",1487,"NAT-GS01",335,323,"Pastoral",177.8818198,-38.46854899,120,334,"1990-2017","Improving",">2% improving"
"1488",1488,"NAT-GS01",335,120,"Pastoral",177.8818198,-38.46854899,120,334,"1990-2017","Improving",">2% improving"
"1494",1494,"NAT-GS02",251,323,"Pastoral",177.5616815,-38.41500176,120,335,"1990-2017","Worsening","1-2% worsening"
"1498",1498,"NAT-GS02",251,251,"Pastoral",177.5616815,-38.41500176,120,335,"1990-2017","Worsening","1-2% worsening"
"1501",1501,"NAT-GS02",251,120,"Pastoral",177.5616815,-38.41500176,120,335,"1990-2017","Worsening","1-2% worsening"
"1503",1503,"NAT-GS02",120,323,"Pastoral",177.5616815,-38.41500176,120,335,"1990-2017","Worsening","1-2% worsening"
"1507",1507,"NAT-GS02",120,251,"Pastoral",177.5616815,-38.41500176,120,335,"1990-2017","Worsening","1-2% worsening"
"1510",1510,"NAT-GS02",120,120,"Pastoral",177.5616815,-38.41500176,120,335,"1990-2017","Worsening","1-2% worsening"
"1512",1512,"NAT-GS02",335,323,"Pastoral",177.5616815,-38.41500176,120,335,"1990-2017","Worsening","1-2% worsening"
"1516",1516,"NAT-GS02",335,251,"Pastoral",177.5616815,-38.41500176,120,335,"1990-2017","Worsening","1-2% worsening"
"1519",1519,"NAT-GS02",335,120,"Pastoral",177.5616815,-38.41500176,120,335,"1990-2017","Worsening","1-2% worsening"
"1525",1525,"NAT-GS03",249,250,"Pastoral",177.621011,-38.19973323,120,333,"1990-2017","Worsening","1-2% worsening"
"1526",1526,"NAT-GS03",249,120,"Pastoral",177.621011,-38.19973323,120,333,"1990-2017","Worsening","1-2% worsening"
"1529",1529,"NAT-GS03",249,322,"Pastoral",177.621011,-38.19973323,120,333,"1990-2017","Worsening","1-2% worsening"
"1534",1534,"NAT-GS03",333,250,"Pastoral",177.621011,-38.19973323,120,333,"1990-2017","Worsening","1-2% worsening"
"1535",1535,"NAT-GS03",333,120,"Pastoral",177.621011,-38.19973323,120,333,"1990-2017","Worsening","1-2% worsening"
"1538",1538,"NAT-GS03",333,322,"Pastoral",177.621011,-38.19973323,120,333,"1990-2017","Worsening","1-2% worsening"
"1543",1543,"NAT-GS03",120,250,"Pastoral",177.621011,-38.19973323,120,333,"1990-2017","Worsening","1-2% worsening"
"1544",1544,"NAT-GS03",120,120,"Pastoral",177.621011,-38.19973323,120,333,"1990-2017","Worsening","1-2% worsening"
"1547",1547,"NAT-GS03",120,322,"Pastoral",177.621011,-38.19973323,120,333,"1990-2017","Worsening","1-2% worsening"
"1552",1552,"NAT-GS04",115,318,"Native",177.637474815808,-37.8602054026964,115,329,"1990-2017","Improving","0-1% improving"
"1553",1553,"NAT-GS04",115,115,"Native",177.637474815808,-37.8602054026964,115,329,"1990-2017","Improving","0-1% improving"
"1554",1554,"NAT-GS04",115,246,"Native",177.637474815808,-37.8602054026964,115,329,"1990-2017","Improving","0-1% improving"
"1561",1561,"NAT-GS04",330,318,"Native",177.637474815808,-37.8602054026964,115,329,"1990-2017","Improving","0-1% improving"
"1562",1562,"NAT-GS04",330,115,"Native",177.637474815808,-37.8602054026964,115,329,"1990-2017","Improving","0-1% improving"
"1563",1563,"NAT-GS04",330,246,"Native",177.637474815808,-37.8602054026964,115,329,"1990-2017","Improving","0-1% improving"
"1570",1570,"NAT-GS04",246,318,"Native",177.637474815808,-37.8602054026964,115,329,"1990-2017","Improving","0-1% improving"
"1571",1571,"NAT-GS04",246,115,"Native",177.637474815808,-37.8602054026964,115,329,"1990-2017","Improving","0-1% improving"
"1572",1572,"NAT-GS04",246,246,"Native",177.637474815808,-37.8602054026964,115,329,"1990-2017","Improving","0-1% improving"
"1576",1576,"NAT-GY01",333,320,"Native",171.6998539,-41.83490202,120,330,"1990-2017","Indeterminate","0-1% improving"
"1577",1577,"NAT-GY01",333,250,"Native",171.6998539,-41.83490202,120,330,"1990-2017","Indeterminate","0-1% improving"
"1583",1583,"NAT-GY01",333,120,"Native",171.6998539,-41.83490202,120,330,"1990-2017","Indeterminate","0-1% improving"
"1585",1585,"NAT-GY01",251,320,"Native",171.6998539,-41.83490202,120,330,"1990-2017","Indeterminate","0-1% improving"
"1586",1586,"NAT-GY01",251,250,"Native",171.6998539,-41.83490202,120,330,"1990-2017","Indeterminate","0-1% improving"
"1592",1592,"NAT-GY01",251,120,"Native",171.6998539,-41.83490202,120,330,"1990-2017","Indeterminate","0-1% improving"
"1594",1594,"NAT-GY01",120,320,"Native",171.6998539,-41.83490202,120,330,"1990-2017","Indeterminate","0-1% improving"
"1595",1595,"NAT-GY01",120,250,"Native",171.6998539,-41.83490202,120,330,"1990-2017","Indeterminate","0-1% improving"
"1601",1601,"NAT-GY01",120,120,"Native",171.6998539,-41.83490202,120,330,"1990-2017","Indeterminate","0-1% improving"
"1605",1605,"NAT-GY02",334,249,"Native",171.2979004,-42.45351682,120,329,"1990-2017","Indeterminate","0-1% improving"
"1608",1608,"NAT-GY02",334,318,"Native",171.2979004,-42.45351682,120,329,"1990-2017","Indeterminate","0-1% improving"
"1610",1610,"NAT-GY02",334,119,"Native",171.2979004,-42.45351682,120,329,"1990-2017","Indeterminate","0-1% improving"
"1614",1614,"NAT-GY02",252,249,"Native",171.2979004,-42.45351682,120,329,"1990-2017","Indeterminate","0-1% improving"
"1617",1617,"NAT-GY02",252,318,"Native",171.2979004,-42.45351682,120,329,"1990-2017","Indeterminate","0-1% improving"
"1619",1619,"NAT-GY02",252,119,"Native",171.2979004,-42.45351682,120,329,"1990-2017","Indeterminate","0-1% improving"
"1623",1623,"NAT-GY02",120,249,"Native",171.2979004,-42.45351682,120,329,"1990-2017","Indeterminate","0-1% improving"
"1626",1626,"NAT-GY02",120,318,"Native",171.2979004,-42.45351682,120,329,"1990-2017","Indeterminate","0-1% improving"
"1628",1628,"NAT-GY02",120,119,"Native",171.2979004,-42.45351682,120,329,"1990-2017","Indeterminate","0-1% improving"
"1631",1631,"NAT-GY03",251,249,"Native",171.7861605,-42.35445854,120,331,"1990-2017","Indeterminate","0-1% improving"
"1633",1633,"NAT-GY03",251,319,"Native",171.7861605,-42.35445854,120,331,"1990-2017","Indeterminate","0-1% improving"
"1634",1634,"NAT-GY03",251,120,"Native",171.7861605,-42.35445854,120,331,"1990-2017","Indeterminate","0-1% improving"
"1640",1640,"NAT-GY03",120,249,"Native",171.7861605,-42.35445854,120,331,"1990-2017","Indeterminate","0-1% improving"
"1642",1642,"NAT-GY03",120,319,"Native",171.7861605,-42.35445854,120,331,"1990-2017","Indeterminate","0-1% improving"
"1643",1643,"NAT-GY03",120,120,"Native",171.7861605,-42.35445854,120,331,"1990-2017","Indeterminate","0-1% improving"
"1649",1649,"NAT-GY03",333,249,"Native",171.7861605,-42.35445854,120,331,"1990-2017","Indeterminate","0-1% improving"
"1651",1651,"NAT-GY03",333,319,"Native",171.7861605,-42.35445854,120,331,"1990-2017","Indeterminate","0-1% improving"
"1652",1652,"NAT-GY03",333,120,"Native",171.7861605,-42.35445854,120,331,"1990-2017","Indeterminate","0-1% improving"
"1656",1656,"NAT-GY04",331,249,"Native",169.297935,-43.94246432,120,330,"1990-2017","Improving","1-2% improving"
"1662",1662,"NAT-GY04",331,317,"Native",169.297935,-43.94246432,120,330,"1990-2017","Improving","1-2% improving"
"1664",1664,"NAT-GY04",331,119,"Native",169.297935,-43.94246432,120,330,"1990-2017","Improving","1-2% improving"
"1665",1665,"NAT-GY04",120,249,"Native",169.297935,-43.94246432,120,330,"1990-2017","Improving","1-2% improving"
"1671",1671,"NAT-GY04",120,317,"Native",169.297935,-43.94246432,120,330,"1990-2017","Improving","1-2% improving"
"1673",1673,"NAT-GY04",120,119,"Native",169.297935,-43.94246432,120,330,"1990-2017","Improving","1-2% improving"
"1674",1674,"NAT-GY04",250,249,"Native",169.297935,-43.94246432,120,330,"1990-2017","Improving","1-2% improving"
"1680",1680,"NAT-GY04",250,317,"Native",169.297935,-43.94246432,120,330,"1990-2017","Improving","1-2% improving"
"1682",1682,"NAT-GY04",250,119,"Native",169.297935,-43.94246432,120,330,"1990-2017","Improving","1-2% improving"
"1684",1684,"NAT-HM01",252,323,"Pastoral",175.348281,-38.26870551,118,335,"1990-2017","Indeterminate","0-1% improving"
"1685",1685,"NAT-HM01",252,120,"Pastoral",175.348281,-38.26870551,118,335,"1990-2017","Indeterminate","0-1% improving"
"1689",1689,"NAT-HM01",252,251,"Pastoral",175.348281,-38.26870551,118,335,"1990-2017","Indeterminate","0-1% improving"
"1693",1693,"NAT-HM01",120,323,"Pastoral",175.348281,-38.26870551,118,335,"1990-2017","Indeterminate","0-1% improving"
"1694",1694,"NAT-HM01",120,120,"Pastoral",175.348281,-38.26870551,118,335,"1990-2017","Indeterminate","0-1% improving"
"1698",1698,"NAT-HM01",120,251,"Pastoral",175.348281,-38.26870551,118,335,"1990-2017","Indeterminate","0-1% improving"
"1702",1702,"NAT-HM01",336,323,"Pastoral",175.348281,-38.26870551,118,335,"1990-2017","Indeterminate","0-1% improving"
"1703",1703,"NAT-HM01",336,120,"Pastoral",175.348281,-38.26870551,118,335,"1990-2017","Indeterminate","0-1% improving"
"1707",1707,"NAT-HM01",336,251,"Pastoral",175.348281,-38.26870551,118,335,"1990-2017","Indeterminate","0-1% improving"
"1710",1710,"NAT-HM02",120,324,"Pastoral",175.1518664,-37.7985593,119,336,"1990-2017","Indeterminate","0-1% worsening"
"1713",1713,"NAT-HM02",120,120,"Pastoral",175.1518664,-37.7985593,119,336,"1990-2017","Indeterminate","0-1% worsening"
"1716",1716,"NAT-HM02",120,252,"Pastoral",175.1518664,-37.7985593,119,336,"1990-2017","Indeterminate","0-1% worsening"
"1719",1719,"NAT-HM02",336,324,"Pastoral",175.1518664,-37.7985593,119,336,"1990-2017","Indeterminate","0-1% worsening"
"1722",1722,"NAT-HM02",336,120,"Pastoral",175.1518664,-37.7985593,119,336,"1990-2017","Indeterminate","0-1% worsening"
"1725",1725,"NAT-HM02",336,252,"Pastoral",175.1518664,-37.7985593,119,336,"1990-2017","Indeterminate","0-1% worsening"
"1728",1728,"NAT-HM02",252,324,"Pastoral",175.1518664,-37.7985593,119,336,"1990-2017","Indeterminate","0-1% worsening"
"1731",1731,"NAT-HM02",252,120,"Pastoral",175.1518664,-37.7985593,119,336,"1990-2017","Indeterminate","0-1% worsening"
"1734",1734,"NAT-HM02",252,252,"Pastoral",175.1518664,-37.7985593,119,336,"1990-2017","Indeterminate","0-1% worsening"
"1737",1737,"NAT-HM05",248,116,"Pastoral",175.7067882,-37.54662567,116,332,"1990-2017","Improving","0-1% improving"
"1743",1743,"NAT-HM05",248,248,"Pastoral",175.7067882,-37.54662567,116,332,"1990-2017","Improving","0-1% improving"
"1744",1744,"NAT-HM05",248,320,"Pastoral",175.7067882,-37.54662567,116,332,"1990-2017","Improving","0-1% improving"
"1746",1746,"NAT-HM05",116,116,"Pastoral",175.7067882,-37.54662567,116,332,"1990-2017","Improving","0-1% improving"
"1752",1752,"NAT-HM05",116,248,"Pastoral",175.7067882,-37.54662567,116,332,"1990-2017","Improving","0-1% improving"
"1753",1753,"NAT-HM05",116,320,"Pastoral",175.7067882,-37.54662567,116,332,"1990-2017","Improving","0-1% improving"
"1755",1755,"NAT-HM05",331,116,"Pastoral",175.7067882,-37.54662567,116,332,"1990-2017","Improving","0-1% improving"
"1761",1761,"NAT-HM05",331,248,"Pastoral",175.7067882,-37.54662567,116,332,"1990-2017","Improving","0-1% improving"
"1762",1762,"NAT-HM05",331,320,"Pastoral",175.7067882,-37.54662567,116,332,"1990-2017","Improving","0-1% improving"
"1765",1765,"NAT-HM06",120,324,"Pastoral",175.7153067,-37.41479358,120,336,"1990-2017","Improving",">2% improving"
"1767",1767,"NAT-HM06",120,120,"Pastoral",175.7153067,-37.41479358,120,336,"1990-2017","Improving",">2% improving"
"1772",1772,"NAT-HM06",120,252,"Pastoral",175.7153067,-37.41479358,120,336,"1990-2017","Improving",">2% improving"
"1774",1774,"NAT-HM06",335,324,"Pastoral",175.7153067,-37.41479358,120,336,"1990-2017","Improving",">2% improving"
"1776",1776,"NAT-HM06",335,120,"Pastoral",175.7153067,-37.41479358,120,336,"1990-2017","Improving",">2% improving"
"1781",1781,"NAT-HM06",335,252,"Pastoral",175.7153067,-37.41479358,120,336,"1990-2017","Improving",">2% improving"
"1783",1783,"NAT-HM06",252,324,"Pastoral",175.7153067,-37.41479358,120,336,"1990-2017","Improving",">2% improving"
"1785",1785,"NAT-HM06",252,120,"Pastoral",175.7153067,-37.41479358,120,336,"1990-2017","Improving",">2% improving"
"1790",1790,"NAT-HM06",252,252,"Pastoral",175.7153067,-37.41479358,120,336,"1990-2017","Improving",">2% improving"
"1792",1792,"NAT-HV01",325,37,"Native",176.3040086,-39.81786414,109,322,"1990-2017","Indeterminate","0-1% improving"
"1794",1794,"NAT-HV01",325,238,"Native",176.3040086,-39.81786414,109,322,"1990-2017","Indeterminate","0-1% improving"
"1799",1799,"NAT-HV01",325,310,"Native",176.3040086,-39.81786414,109,322,"1990-2017","Indeterminate","0-1% improving"
"1801",1801,"NAT-HV01",109,37,"Native",176.3040086,-39.81786414,109,322,"1990-2017","Indeterminate","0-1% improving"
"1803",1803,"NAT-HV01",109,238,"Native",176.3040086,-39.81786414,109,322,"1990-2017","Indeterminate","0-1% improving"
"1808",1808,"NAT-HV01",109,310,"Native",176.3040086,-39.81786414,109,322,"1990-2017","Indeterminate","0-1% improving"
"1810",1810,"NAT-HV01",241,37,"Native",176.3040086,-39.81786414,109,322,"1990-2017","Indeterminate","0-1% improving"
"1812",1812,"NAT-HV01",241,238,"Native",176.3040086,-39.81786414,109,322,"1990-2017","Indeterminate","0-1% improving"
"1817",1817,"NAT-HV01",241,310,"Native",176.3040086,-39.81786414,109,322,"1990-2017","Indeterminate","0-1% improving"
"1820",1820,"NAT-HV02",120,322,"Pastoral",176.92789556721,-39.7154664130706,120,334,"1990-2017","Indeterminate","0-1% improving"
"1825",1825,"NAT-HV02",120,250,"Pastoral",176.92789556721,-39.7154664130706,120,334,"1990-2017","Indeterminate","0-1% improving"
"1826",1826,"NAT-HV02",120,120,"Pastoral",176.92789556721,-39.7154664130706,120,334,"1990-2017","Indeterminate","0-1% improving"
"1829",1829,"NAT-HV02",336,322,"Pastoral",176.92789556721,-39.7154664130706,120,334,"1990-2017","Indeterminate","0-1% improving"
"1834",1834,"NAT-HV02",336,250,"Pastoral",176.92789556721,-39.7154664130706,120,334,"1990-2017","Indeterminate","0-1% improving"
"1835",1835,"NAT-HV02",336,120,"Pastoral",176.92789556721,-39.7154664130706,120,334,"1990-2017","Indeterminate","0-1% improving"
"1838",1838,"NAT-HV02",252,322,"Pastoral",176.92789556721,-39.7154664130706,120,334,"1990-2017","Indeterminate","0-1% improving"
"1843",1843,"NAT-HV02",252,250,"Pastoral",176.92789556721,-39.7154664130706,120,334,"1990-2017","Indeterminate","0-1% improving"
"1844",1844,"NAT-HV02",252,120,"Pastoral",176.92789556721,-39.7154664130706,120,334,"1990-2017","Indeterminate","0-1% improving"
"1845",1845,"NAT-HV03",335,319,"Pastoral",176.872472015976,-39.5964216405726,120,331,"1990-2017","Indeterminate","0-1% worsening"
"1848",1848,"NAT-HV03",335,247,"Pastoral",176.872472015976,-39.5964216405726,120,331,"1990-2017","Indeterminate","0-1% worsening"
"1851",1851,"NAT-HV03",335,119,"Pastoral",176.872472015976,-39.5964216405726,120,331,"1990-2017","Indeterminate","0-1% worsening"
"1854",1854,"NAT-HV03",120,319,"Pastoral",176.872472015976,-39.5964216405726,120,331,"1990-2017","Indeterminate","0-1% worsening"
"1857",1857,"NAT-HV03",120,247,"Pastoral",176.872472015976,-39.5964216405726,120,331,"1990-2017","Indeterminate","0-1% worsening"
"1860",1860,"NAT-HV03",120,119,"Pastoral",176.872472015976,-39.5964216405726,120,331,"1990-2017","Indeterminate","0-1% worsening"
"1863",1863,"NAT-HV03",251,319,"Pastoral",176.872472015976,-39.5964216405726,120,331,"1990-2017","Indeterminate","0-1% worsening"
"1866",1866,"NAT-HV03",251,247,"Pastoral",176.872472015976,-39.5964216405726,120,331,"1990-2017","Indeterminate","0-1% worsening"
"1869",1869,"NAT-HV03",251,119,"Pastoral",176.872472015976,-39.5964216405726,120,331,"1990-2017","Indeterminate","0-1% worsening"
"1874",1874,"NAT-HV04",120,322,"Native",176.3306411,-39.37991823,120,333,"1990-2017","Indeterminate","0-1% worsening"
"1875",1875,"NAT-HV04",120,250,"Native",176.3306411,-39.37991823,120,333,"1990-2017","Indeterminate","0-1% worsening"
"1879",1879,"NAT-HV04",120,119,"Native",176.3306411,-39.37991823,120,333,"1990-2017","Indeterminate","0-1% worsening"
"1883",1883,"NAT-HV04",336,322,"Native",176.3306411,-39.37991823,120,333,"1990-2017","Indeterminate","0-1% worsening"
"1884",1884,"NAT-HV04",336,250,"Native",176.3306411,-39.37991823,120,333,"1990-2017","Indeterminate","0-1% worsening"
"1888",1888,"NAT-HV04",336,119,"Native",176.3306411,-39.37991823,120,333,"1990-2017","Indeterminate","0-1% worsening"
"1892",1892,"NAT-HV04",252,322,"Native",176.3306411,-39.37991823,120,333,"1990-2017","Indeterminate","0-1% worsening"
"1893",1893,"NAT-HV04",252,250,"Native",176.3306411,-39.37991823,120,333,"1990-2017","Indeterminate","0-1% worsening"
"1897",1897,"NAT-HV04",252,119,"Native",176.3306411,-39.37991823,120,333,"1990-2017","Indeterminate","0-1% worsening"
"1899",1899,"NAT-HV05",252,249,"Native",177.129489706377,-39.0733436746531,120,334,"1990-2017","Improving","1-2% improving"
"1903",1903,"NAT-HV05",252,120,"Native",177.129489706377,-39.0733436746531,120,334,"1990-2017","Improving","1-2% improving"
"1907",1907,"NAT-HV05",252,321,"Native",177.129489706377,-39.0733436746531,120,334,"1990-2017","Improving","1-2% improving"
"1908",1908,"NAT-HV05",336,249,"Native",177.129489706377,-39.0733436746531,120,334,"1990-2017","Improving","1-2% improving"
"1912",1912,"NAT-HV05",336,120,"Native",177.129489706377,-39.0733436746531,120,334,"1990-2017","Improving","1-2% improving"
"1916",1916,"NAT-HV05",336,321,"Native",177.129489706377,-39.0733436746531,120,334,"1990-2017","Improving","1-2% improving"
"1917",1917,"NAT-HV05",120,249,"Native",177.129489706377,-39.0733436746531,120,334,"1990-2017","Improving","1-2% improving"
"1921",1921,"NAT-HV05",120,120,"Native",177.129489706377,-39.0733436746531,120,334,"1990-2017","Improving","1-2% improving"
"1925",1925,"NAT-HV05",120,321,"Native",177.129489706377,-39.0733436746531,120,334,"1990-2017","Improving","1-2% improving"
"1927",1927,"NAT-HV06",252,120,"Native",176.6348188,-39.17774762,119,335,"1990-2017","Indeterminate","0-1% worsening"
"1929",1929,"NAT-HV06",252,251,"Native",176.6348188,-39.17774762,119,335,"1990-2017","Indeterminate","0-1% worsening"
"1934",1934,"NAT-HV06",252,323,"Native",176.6348188,-39.17774762,119,335,"1990-2017","Indeterminate","0-1% worsening"
"1936",1936,"NAT-HV06",336,120,"Native",176.6348188,-39.17774762,119,335,"1990-2017","Indeterminate","0-1% worsening"
"1938",1938,"NAT-HV06",336,251,"Native",176.6348188,-39.17774762,119,335,"1990-2017","Indeterminate","0-1% worsening"
"1943",1943,"NAT-HV06",336,323,"Native",176.6348188,-39.17774762,119,335,"1990-2017","Indeterminate","0-1% worsening"
"1945",1945,"NAT-HV06",120,120,"Native",176.6348188,-39.17774762,119,335,"1990-2017","Indeterminate","0-1% worsening"
"1947",1947,"NAT-HV06",120,251,"Native",176.6348188,-39.17774762,119,335,"1990-2017","Indeterminate","0-1% worsening"
"1952",1952,"NAT-HV06",120,323,"Native",176.6348188,-39.17774762,119,335,"1990-2017","Indeterminate","0-1% worsening"
"1954",1954,"NAT-NN01",120,323,"Native",172.82267643,-41.25748375,120,335,"1990-2017","Indeterminate","0-1% improving"
"1957",1957,"NAT-NN01",120,120,"Native",172.82267643,-41.25748375,120,335,"1990-2017","Indeterminate","0-1% improving"
"1961",1961,"NAT-NN01",120,251,"Native",172.82267643,-41.25748375,120,335,"1990-2017","Indeterminate","0-1% improving"
"1963",1963,"NAT-NN01",336,323,"Native",172.82267643,-41.25748375,120,335,"1990-2017","Indeterminate","0-1% improving"
"1966",1966,"NAT-NN01",336,120,"Native",172.82267643,-41.25748375,120,335,"1990-2017","Indeterminate","0-1% improving"
"1970",1970,"NAT-NN01",336,251,"Native",172.82267643,-41.25748375,120,335,"1990-2017","Indeterminate","0-1% improving"
"1972",1972,"NAT-NN01",252,323,"Native",172.82267643,-41.25748375,120,335,"1990-2017","Indeterminate","0-1% improving"
"1975",1975,"NAT-NN01",252,120,"Native",172.82267643,-41.25748375,120,335,"1990-2017","Indeterminate","0-1% improving"
"1979",1979,"NAT-NN01",252,251,"Native",172.82267643,-41.25748375,120,335,"1990-2017","Indeterminate","0-1% improving"
"1981",1981,"NAT-NN03",120,120,"Native",172.92295,-41.89640742,118,334,"1990-2017","Worsening","1-2% worsening"
"1984",1984,"NAT-NN03",120,323,"Native",172.92295,-41.89640742,118,334,"1990-2017","Worsening","1-2% worsening"
"1988",1988,"NAT-NN03",120,251,"Native",172.92295,-41.89640742,118,334,"1990-2017","Worsening","1-2% worsening"
"1990",1990,"NAT-NN03",252,120,"Native",172.92295,-41.89640742,118,334,"1990-2017","Worsening","1-2% worsening"
"1993",1993,"NAT-NN03",252,323,"Native",172.92295,-41.89640742,118,334,"1990-2017","Worsening","1-2% worsening"
"1997",1997,"NAT-NN03",252,251,"Native",172.92295,-41.89640742,118,334,"1990-2017","Worsening","1-2% worsening"
"1999",1999,"NAT-NN03",336,120,"Native",172.92295,-41.89640742,118,334,"1990-2017","Worsening","1-2% worsening"
"2002",2002,"NAT-NN03",336,323,"Native",172.92295,-41.89640742,118,334,"1990-2017","Worsening","1-2% worsening"
"2006",2006,"NAT-NN03",336,251,"Native",172.92295,-41.89640742,118,334,"1990-2017","Worsening","1-2% worsening"
"2009",2009,"NAT-NN04",246,244,"Native",173.96025706,-41.43684709,113,329,"1990-2017","Indeterminate","0-1% worsening"
"2011",2011,"NAT-NN04",246,114,"Native",173.96025706,-41.43684709,113,329,"1990-2017","Indeterminate","0-1% worsening"
"2014",2014,"NAT-NN04",246,316,"Native",173.96025706,-41.43684709,113,329,"1990-2017","Indeterminate","0-1% worsening"
"2018",2018,"NAT-NN04",330,244,"Native",173.96025706,-41.43684709,113,329,"1990-2017","Indeterminate","0-1% worsening"
"2020",2020,"NAT-NN04",330,114,"Native",173.96025706,-41.43684709,113,329,"1990-2017","Indeterminate","0-1% worsening"
"2023",2023,"NAT-NN04",330,316,"Native",173.96025706,-41.43684709,113,329,"1990-2017","Indeterminate","0-1% worsening"
"2027",2027,"NAT-NN04",114,244,"Native",173.96025706,-41.43684709,113,329,"1990-2017","Indeterminate","0-1% worsening"
"2029",2029,"NAT-NN04",114,114,"Native",173.96025706,-41.43684709,113,329,"1990-2017","Indeterminate","0-1% worsening"
"2032",2032,"NAT-NN04",114,316,"Native",173.96025706,-41.43684709,113,329,"1990-2017","Indeterminate","0-1% worsening"
"2034",2034,"NAT-NN05",120,120,"Native",172.3867622,-41.76508844,116,335,"1990-2017","Indeterminate","0-1% worsening"
"2039",2039,"NAT-NN05",120,323,"Native",172.3867622,-41.76508844,116,335,"1990-2017","Indeterminate","0-1% worsening"
"2040",2040,"NAT-NN05",120,251,"Native",172.3867622,-41.76508844,116,335,"1990-2017","Indeterminate","0-1% worsening"
"2043",2043,"NAT-NN05",252,120,"Native",172.3867622,-41.76508844,116,335,"1990-2017","Indeterminate","0-1% worsening"
"2048",2048,"NAT-NN05",252,323,"Native",172.3867622,-41.76508844,116,335,"1990-2017","Indeterminate","0-1% worsening"
"2049",2049,"NAT-NN05",252,251,"Native",172.3867622,-41.76508844,116,335,"1990-2017","Indeterminate","0-1% worsening"
"2052",2052,"NAT-NN05",336,120,"Native",172.3867622,-41.76508844,116,335,"1990-2017","Indeterminate","0-1% worsening"
"2057",2057,"NAT-NN05",336,323,"Native",172.3867622,-41.76508844,116,335,"1990-2017","Indeterminate","0-1% worsening"
"2058",2058,"NAT-NN05",336,251,"Native",172.3867622,-41.76508844,116,335,"1990-2017","Indeterminate","0-1% worsening"
"2063",2063,"NAT-RO01",251,250,"Native",176.5023829,-38.18194818,120,334,"1990-2017","Worsening","1-2% worsening"
"2067",2067,"NAT-RO01",251,322,"Native",176.5023829,-38.18194818,120,334,"1990-2017","Worsening","1-2% worsening"
"2068",2068,"NAT-RO01",251,119,"Native",176.5023829,-38.18194818,120,334,"1990-2017","Worsening","1-2% worsening"
"2072",2072,"NAT-RO01",335,250,"Native",176.5023829,-38.18194818,120,334,"1990-2017","Worsening","1-2% worsening"
"2076",2076,"NAT-RO01",335,322,"Native",176.5023829,-38.18194818,120,334,"1990-2017","Worsening","1-2% worsening"
"2077",2077,"NAT-RO01",335,119,"Native",176.5023829,-38.18194818,120,334,"1990-2017","Worsening","1-2% worsening"
"2081",2081,"NAT-RO01",120,250,"Native",176.5023829,-38.18194818,120,334,"1990-2017","Worsening","1-2% worsening"
"2085",2085,"NAT-RO01",120,322,"Native",176.5023829,-38.18194818,120,334,"1990-2017","Worsening","1-2% worsening"
"2086",2086,"NAT-RO01",120,119,"Native",176.5023829,-38.18194818,120,334,"1990-2017","Worsening","1-2% worsening"
"2088",2088,"NAT-RO02",120,324,"Exotic forest",176.76712394071,-37.9386943033975,119,336,"1990-2017","Improving","0-1% improving"
"2093",2093,"NAT-RO02",120,252,"Exotic forest",176.76712394071,-37.9386943033975,119,336,"1990-2017","Improving","0-1% improving"
"2094",2094,"NAT-RO02",120,120,"Exotic forest",176.76712394071,-37.9386943033975,119,336,"1990-2017","Improving","0-1% improving"
"2097",2097,"NAT-RO02",252,324,"Exotic forest",176.76712394071,-37.9386943033975,119,336,"1990-2017","Improving","0-1% improving"
"2102",2102,"NAT-RO02",252,252,"Exotic forest",176.76712394071,-37.9386943033975,119,336,"1990-2017","Improving","0-1% improving"
"2103",2103,"NAT-RO02",252,120,"Exotic forest",176.76712394071,-37.9386943033975,119,336,"1990-2017","Improving","0-1% improving"
"2106",2106,"NAT-RO02",336,324,"Exotic forest",176.76712394071,-37.9386943033975,119,336,"1990-2017","Improving","0-1% improving"
"2111",2111,"NAT-RO02",336,252,"Exotic forest",176.76712394071,-37.9386943033975,119,336,"1990-2017","Improving","0-1% improving"
"2112",2112,"NAT-RO02",336,120,"Exotic forest",176.76712394071,-37.9386943033975,119,336,"1990-2017","Improving","0-1% improving"
"2118",2118,"NAT-RO03",336,120,"Exotic forest",176.697374881461,-38.4580120213966,120,335,"1990-2017","Indeterminate","0-1% worsening"
"2121",2121,"NAT-RO03",336,250,"Exotic forest",176.697374881461,-38.4580120213966,120,335,"1990-2017","Indeterminate","0-1% worsening"
"2123",2123,"NAT-RO03",336,321,"Exotic forest",176.697374881461,-38.4580120213966,120,335,"1990-2017","Indeterminate","0-1% worsening"
"2127",2127,"NAT-RO03",120,120,"Exotic forest",176.697374881461,-38.4580120213966,120,335,"1990-2017","Indeterminate","0-1% worsening"
"2130",2130,"NAT-RO03",120,250,"Exotic forest",176.697374881461,-38.4580120213966,120,335,"1990-2017","Indeterminate","0-1% worsening"
"2132",2132,"NAT-RO03",120,321,"Exotic forest",176.697374881461,-38.4580120213966,120,335,"1990-2017","Indeterminate","0-1% worsening"
"2136",2136,"NAT-RO03",252,120,"Exotic forest",176.697374881461,-38.4580120213966,120,335,"1990-2017","Indeterminate","0-1% worsening"
"2139",2139,"NAT-RO03",252,250,"Exotic forest",176.697374881461,-38.4580120213966,120,335,"1990-2017","Indeterminate","0-1% worsening"
"2141",2141,"NAT-RO03",252,321,"Exotic forest",176.697374881461,-38.4580120213966,120,335,"1990-2017","Indeterminate","0-1% worsening"
"2143",2143,"NAT-RO04",252,251,"Native",176.748211865932,-38.4784243785587,120,336,"1990-2017","Worsening","0-1% worsening"
"2146",2146,"NAT-RO04",252,120,"Native",176.748211865932,-38.4784243785587,120,336,"1990-2017","Worsening","0-1% worsening"
"2149",2149,"NAT-RO04",252,323,"Native",176.748211865932,-38.4784243785587,120,336,"1990-2017","Worsening","0-1% worsening"
"2152",2152,"NAT-RO04",336,251,"Native",176.748211865932,-38.4784243785587,120,336,"1990-2017","Worsening","0-1% worsening"
"2155",2155,"NAT-RO04",336,120,"Native",176.748211865932,-38.4784243785587,120,336,"1990-2017","Worsening","0-1% worsening"
"2158",2158,"NAT-RO04",336,323,"Native",176.748211865932,-38.4784243785587,120,336,"1990-2017","Worsening","0-1% worsening"
"2161",2161,"NAT-RO04",120,251,"Native",176.748211865932,-38.4784243785587,120,336,"1990-2017","Worsening","0-1% worsening"
"2164",2164,"NAT-RO04",120,120,"Native",176.748211865932,-38.4784243785587,120,336,"1990-2017","Worsening","0-1% worsening"
"2167",2167,"NAT-RO04",120,323,"Native",176.748211865932,-38.4784243785587,120,336,"1990-2017","Worsening","0-1% worsening"
"2171",2171,"NAT-RO05",252,321,"Exotic forest",176.800093474626,-38.0396531207239,119,334,"1990-2017","Indeterminate","0-1% improving"
"2173",2173,"NAT-RO05",252,120,"Exotic forest",176.800093474626,-38.0396531207239,119,334,"1990-2017","Indeterminate","0-1% improving"
"2174",2174,"NAT-RO05",252,249,"Exotic forest",176.800093474626,-38.0396531207239,119,334,"1990-2017","Indeterminate","0-1% improving"
"2180",2180,"NAT-RO05",120,321,"Exotic forest",176.800093474626,-38.0396531207239,119,334,"1990-2017","Indeterminate","0-1% improving"
"2182",2182,"NAT-RO05",120,120,"Exotic forest",176.800093474626,-38.0396531207239,119,334,"1990-2017","Indeterminate","0-1% improving"
"2183",2183,"NAT-RO05",120,249,"Exotic forest",176.800093474626,-38.0396531207239,119,334,"1990-2017","Indeterminate","0-1% improving"
"2189",2189,"NAT-RO05",336,321,"Exotic forest",176.800093474626,-38.0396531207239,119,334,"1990-2017","Indeterminate","0-1% improving"
"2191",2191,"NAT-RO05",336,120,"Exotic forest",176.800093474626,-38.0396531207239,119,334,"1990-2017","Indeterminate","0-1% improving"
"2192",2192,"NAT-RO05",336,249,"Exotic forest",176.800093474626,-38.0396531207239,119,334,"1990-2017","Indeterminate","0-1% improving"
"2199",2199,"NAT-RO06",336,252,"Native",176.0773717,-38.67574763,120,335,"1990-2017","Worsening","0-1% worsening"
"2200",2200,"NAT-RO06",336,120,"Native",176.0773717,-38.67574763,120,335,"1990-2017","Worsening","0-1% worsening"
"2202",2202,"NAT-RO06",336,324,"Native",176.0773717,-38.67574763,120,335,"1990-2017","Worsening","0-1% worsening"
"2208",2208,"NAT-RO06",120,252,"Native",176.0773717,-38.67574763,120,335,"1990-2017","Worsening","0-1% worsening"
"2209",2209,"NAT-RO06",120,120,"Native",176.0773717,-38.67574763,120,335,"1990-2017","Worsening","0-1% worsening"
"2211",2211,"NAT-RO06",120,324,"Native",176.0773717,-38.67574763,120,335,"1990-2017","Worsening","0-1% worsening"
"2217",2217,"NAT-RO06",252,252,"Native",176.0773717,-38.67574763,120,335,"1990-2017","Worsening","0-1% worsening"
"2218",2218,"NAT-RO06",252,120,"Native",176.0773717,-38.67574763,120,335,"1990-2017","Worsening","0-1% worsening"
"2220",2220,"NAT-RO06",252,324,"Native",176.0773717,-38.67574763,120,335,"1990-2017","Worsening","0-1% worsening"
"2224",2224,"NAT-TK01",120,120,"Pastoral",170.9416887,-44.16825454,119,335,"1990-2017","Worsening","0-1% worsening"
"2228",2228,"NAT-TK01",120,324,"Pastoral",170.9416887,-44.16825454,119,335,"1990-2017","Worsening","0-1% worsening"
"2231",2231,"NAT-TK01",120,252,"Pastoral",170.9416887,-44.16825454,119,335,"1990-2017","Worsening","0-1% worsening"
"2233",2233,"NAT-TK01",336,120,"Pastoral",170.9416887,-44.16825454,119,335,"1990-2017","Worsening","0-1% worsening"
"2237",2237,"NAT-TK01",336,324,"Pastoral",170.9416887,-44.16825454,119,335,"1990-2017","Worsening","0-1% worsening"
"2240",2240,"NAT-TK01",336,252,"Pastoral",170.9416887,-44.16825454,119,335,"1990-2017","Worsening","0-1% worsening"
"2242",2242,"NAT-TK01",252,120,"Pastoral",170.9416887,-44.16825454,119,335,"1990-2017","Worsening","0-1% worsening"
"2246",2246,"NAT-TK01",252,324,"Pastoral",170.9416887,-44.16825454,119,335,"1990-2017","Worsening","0-1% worsening"
"2249",2249,"NAT-TK01",252,252,"Pastoral",170.9416887,-44.16825454,119,335,"1990-2017","Worsening","0-1% worsening"
"2252",2252,"NAT-TK02",120,323,"Pastoral",171.3241322,-44.26803132,119,336,"1990-2017","Improving","0-1% improving"
"2253",2253,"NAT-TK02",120,120,"Pastoral",171.3241322,-44.26803132,119,336,"1990-2017","Improving","0-1% improving"
"2255",2255,"NAT-TK02",120,251,"Pastoral",171.3241322,-44.26803132,119,336,"1990-2017","Improving","0-1% improving"
"2261",2261,"NAT-TK02",252,323,"Pastoral",171.3241322,-44.26803132,119,336,"1990-2017","Improving","0-1% improving"
"2262",2262,"NAT-TK02",252,120,"Pastoral",171.3241322,-44.26803132,119,336,"1990-2017","Improving","0-1% improving"
"2264",2264,"NAT-TK02",252,251,"Pastoral",171.3241322,-44.26803132,119,336,"1990-2017","Improving","0-1% improving"
"2270",2270,"NAT-TK02",336,323,"Pastoral",171.3241322,-44.26803132,119,336,"1990-2017","Improving","0-1% improving"
"2271",2271,"NAT-TK02",336,120,"Pastoral",171.3241322,-44.26803132,119,336,"1990-2017","Improving","0-1% improving"
"2273",2273,"NAT-TK02",336,251,"Pastoral",171.3241322,-44.26803132,119,336,"1990-2017","Improving","0-1% improving"
"2278",2278,"NAT-TK03",251,322,"Pastoral",170.978838861167,-44.080570625305,118,333,"1990-2017","Worsening",">2% worsening"
"2281",2281,"NAT-TK03",251,119,"Pastoral",170.978838861167,-44.080570625305,118,333,"1990-2017","Worsening",">2% worsening"
"2284",2284,"NAT-TK03",251,250,"Pastoral",170.978838861167,-44.080570625305,118,333,"1990-2017","Worsening",">2% worsening"
"2287",2287,"NAT-TK03",119,322,"Pastoral",170.978838861167,-44.080570625305,118,333,"1990-2017","Worsening",">2% worsening"
"2290",2290,"NAT-TK03",119,119,"Pastoral",170.978838861167,-44.080570625305,118,333,"1990-2017","Worsening",">2% worsening"
"2293",2293,"NAT-TK03",119,250,"Pastoral",170.978838861167,-44.080570625305,118,333,"1990-2017","Worsening",">2% worsening"
"2296",2296,"NAT-TK03",335,322,"Pastoral",170.978838861167,-44.080570625305,118,333,"1990-2017","Worsening",">2% worsening"
"2299",2299,"NAT-TK03",335,119,"Pastoral",170.978838861167,-44.080570625305,118,333,"1990-2017","Worsening",">2% worsening"
"2302",2302,"NAT-TK03",335,250,"Pastoral",170.978838861167,-44.080570625305,118,333,"1990-2017","Worsening",">2% worsening"
"2305",2305,"NAT-TK04",119,252,"Pastoral",170.4511796,-44.7005363,119,333,"1990-2017","Improving","1-2% improving"
"2306",2306,"NAT-TK04",119,322,"Pastoral",170.4511796,-44.7005363,119,333,"1990-2017","Improving","1-2% improving"
"2310",2310,"NAT-TK04",119,120,"Pastoral",170.4511796,-44.7005363,119,333,"1990-2017","Improving","1-2% improving"
"2314",2314,"NAT-TK04",333,252,"Pastoral",170.4511796,-44.7005363,119,333,"1990-2017","Improving","1-2% improving"
"2315",2315,"NAT-TK04",333,322,"Pastoral",170.4511796,-44.7005363,119,333,"1990-2017","Improving","1-2% improving"
"2319",2319,"NAT-TK04",333,120,"Pastoral",170.4511796,-44.7005363,119,333,"1990-2017","Improving","1-2% improving"
"2323",2323,"NAT-TK04",251,252,"Pastoral",170.4511796,-44.7005363,119,333,"1990-2017","Improving","1-2% improving"
"2324",2324,"NAT-TK04",251,322,"Pastoral",170.4511796,-44.7005363,119,333,"1990-2017","Improving","1-2% improving"
"2328",2328,"NAT-TK04",251,120,"Pastoral",170.4511796,-44.7005363,119,333,"1990-2017","Improving","1-2% improving"
"2333",2333,"NAT-TK05",335,321,"Pastoral",170.4905505,-44.72479926,118,333,"1990-2017","Indeterminate","0-1% worsening"
"2334",2334,"NAT-TK05",335,249,"Pastoral",170.4905505,-44.72479926,118,333,"1990-2017","Indeterminate","0-1% worsening"
"2336",2336,"NAT-TK05",335,118,"Pastoral",170.4905505,-44.72479926,118,333,"1990-2017","Indeterminate","0-1% worsening"
"2342",2342,"NAT-TK05",119,321,"Pastoral",170.4905505,-44.72479926,118,333,"1990-2017","Indeterminate","0-1% worsening"
"2343",2343,"NAT-TK05",119,249,"Pastoral",170.4905505,-44.72479926,118,333,"1990-2017","Indeterminate","0-1% worsening"
"2345",2345,"NAT-TK05",119,118,"Pastoral",170.4905505,-44.72479926,118,333,"1990-2017","Indeterminate","0-1% worsening"
"2351",2351,"NAT-TK05",251,321,"Pastoral",170.4905505,-44.72479926,118,333,"1990-2017","Indeterminate","0-1% worsening"
"2352",2352,"NAT-TK05",251,249,"Pastoral",170.4905505,-44.72479926,118,333,"1990-2017","Indeterminate","0-1% worsening"
"2354",2354,"NAT-TK05",251,118,"Pastoral",170.4905505,-44.72479926,118,333,"1990-2017","Indeterminate","0-1% worsening"
"2359",2359,"NAT-TK06",252,120,"Pastoral",171.1003386,-44.92710749,119,336,"1990-2017","Improving",">2% improving"
"2363",2363,"NAT-TK06",252,324,"Pastoral",171.1003386,-44.92710749,119,336,"1990-2017","Improving",">2% improving"
"2366",2366,"NAT-TK06",252,252,"Pastoral",171.1003386,-44.92710749,119,336,"1990-2017","Improving",">2% improving"
"2368",2368,"NAT-TK06",120,120,"Pastoral",171.1003386,-44.92710749,119,336,"1990-2017","Improving",">2% improving"
"2372",2372,"NAT-TK06",120,324,"Pastoral",171.1003386,-44.92710749,119,336,"1990-2017","Improving",">2% improving"
"2375",2375,"NAT-TK06",120,252,"Pastoral",171.1003386,-44.92710749,119,336,"1990-2017","Improving",">2% improving"
"2377",2377,"NAT-TK06",336,120,"Pastoral",171.1003386,-44.92710749,119,336,"1990-2017","Improving",">2% improving"
"2381",2381,"NAT-TK06",336,324,"Pastoral",171.1003386,-44.92710749,119,336,"1990-2017","Improving",">2% improving"
"2384",2384,"NAT-TK06",336,252,"Pastoral",171.1003386,-44.92710749,119,336,"1990-2017","Improving",">2% improving"
"2388",2388,"NAT-TU01",120,252,"Pastoral",175.18891,-38.94251,120,336,"1990-2017","Worsening","1-2% worsening"
"2391",2391,"NAT-TU01",120,120,"Pastoral",175.18891,-38.94251,120,336,"1990-2017","Worsening","1-2% worsening"
"2392",2392,"NAT-TU01",120,324,"Pastoral",175.18891,-38.94251,120,336,"1990-2017","Worsening","1-2% worsening"
"2397",2397,"NAT-TU01",335,252,"Pastoral",175.18891,-38.94251,120,336,"1990-2017","Worsening","1-2% worsening"
"2400",2400,"NAT-TU01",335,120,"Pastoral",175.18891,-38.94251,120,336,"1990-2017","Worsening","1-2% worsening"
"2401",2401,"NAT-TU01",335,324,"Pastoral",175.18891,-38.94251,120,336,"1990-2017","Worsening","1-2% worsening"
"2406",2406,"NAT-TU01",251,252,"Pastoral",175.18891,-38.94251,120,336,"1990-2017","Worsening","1-2% worsening"
"2409",2409,"NAT-TU01",251,120,"Pastoral",175.18891,-38.94251,120,336,"1990-2017","Worsening","1-2% worsening"
"2410",2410,"NAT-TU01",251,324,"Pastoral",175.18891,-38.94251,120,336,"1990-2017","Worsening","1-2% worsening"
"2414",2414,"NAT-TU02",252,251,"Native",175.8131152,-38.99450946,120,335,"1990-2017","Worsening","0-1% worsening"
"2416",2416,"NAT-TU02",252,119,"Native",175.8131152,-38.99450946,120,335,"1990-2017","Worsening","0-1% worsening"
"2419",2419,"NAT-TU02",252,323,"Native",175.8131152,-38.99450946,120,335,"1990-2017","Worsening","0-1% worsening"
"2423",2423,"NAT-TU02",120,251,"Native",175.8131152,-38.99450946,120,335,"1990-2017","Worsening","0-1% worsening"
"2425",2425,"NAT-TU02",120,119,"Native",175.8131152,-38.99450946,120,335,"1990-2017","Worsening","0-1% worsening"
"2428",2428,"NAT-TU02",120,323,"Native",175.8131152,-38.99450946,120,335,"1990-2017","Worsening","0-1% worsening"
"2432",2432,"NAT-TU02",336,251,"Native",175.8131152,-38.99450946,120,335,"1990-2017","Worsening","0-1% worsening"
"2434",2434,"NAT-TU02",336,119,"Native",175.8131152,-38.99450946,120,335,"1990-2017","Worsening","0-1% worsening"
"2437",2437,"NAT-TU02",336,323,"Native",175.8131152,-38.99450946,120,335,"1990-2017","Worsening","0-1% worsening"
"2440",2440,"NAT-WA01",252,119,"Pastoral",174.255104112262,-39.0479013294817,120,335,"1990-2017","Indeterminate","0-1% worsening"
"2443",2443,"NAT-WA01",252,322,"Pastoral",174.255104112262,-39.0479013294817,120,335,"1990-2017","Indeterminate","0-1% worsening"
"2447",2447,"NAT-WA01",252,251,"Pastoral",174.255104112262,-39.0479013294817,120,335,"1990-2017","Indeterminate","0-1% worsening"
"2449",2449,"NAT-WA01",335,119,"Pastoral",174.255104112262,-39.0479013294817,120,335,"1990-2017","Indeterminate","0-1% worsening"
"2452",2452,"NAT-WA01",335,322,"Pastoral",174.255104112262,-39.0479013294817,120,335,"1990-2017","Indeterminate","0-1% worsening"
"2456",2456,"NAT-WA01",335,251,"Pastoral",174.255104112262,-39.0479013294817,120,335,"1990-2017","Indeterminate","0-1% worsening"
"2458",2458,"NAT-WA01",120,119,"Pastoral",174.255104112262,-39.0479013294817,120,335,"1990-2017","Indeterminate","0-1% worsening"
"2461",2461,"NAT-WA01",120,322,"Pastoral",174.255104112262,-39.0479013294817,120,335,"1990-2017","Indeterminate","0-1% worsening"
"2465",2465,"NAT-WA01",120,251,"Pastoral",174.255104112262,-39.0479013294817,120,335,"1990-2017","Indeterminate","0-1% worsening"
"2466",2466,"NAT-WA02",335,251,"Native",174.2617955,-39.28117212,120,333,"1990-2017","Indeterminate","0-1% improving"
"2472",2472,"NAT-WA02",335,120,"Native",174.2617955,-39.28117212,120,333,"1990-2017","Indeterminate","0-1% improving"
"2473",2473,"NAT-WA02",335,322,"Native",174.2617955,-39.28117212,120,333,"1990-2017","Indeterminate","0-1% improving"
"2475",2475,"NAT-WA02",120,251,"Native",174.2617955,-39.28117212,120,333,"1990-2017","Indeterminate","0-1% improving"
"2481",2481,"NAT-WA02",120,120,"Native",174.2617955,-39.28117212,120,333,"1990-2017","Indeterminate","0-1% improving"
"2482",2482,"NAT-WA02",120,322,"Native",174.2617955,-39.28117212,120,333,"1990-2017","Indeterminate","0-1% improving"
"2484",2484,"NAT-WA02",252,251,"Native",174.2617955,-39.28117212,120,333,"1990-2017","Indeterminate","0-1% improving"
"2490",2490,"NAT-WA02",252,120,"Native",174.2617955,-39.28117212,120,333,"1990-2017","Indeterminate","0-1% improving"
"2491",2491,"NAT-WA02",252,322,"Native",174.2617955,-39.28117212,120,333,"1990-2017","Indeterminate","0-1% improving"
"2495",2495,"NAT-WA03",248,120,"Pastoral",174.210241450866,-39.5762833937108,116,333,"1990-2017","Worsening","0-1% worsening"
"2497",2497,"NAT-WA03",248,251,"Pastoral",174.210241450866,-39.5762833937108,116,333,"1990-2017","Worsening","0-1% worsening"
"2500",2500,"NAT-WA03",248,322,"Pastoral",174.210241450866,-39.5762833937108,116,333,"1990-2017","Worsening","0-1% worsening"
"2504",2504,"NAT-WA03",331,120,"Pastoral",174.210241450866,-39.5762833937108,116,333,"1990-2017","Worsening","0-1% worsening"
"2506",2506,"NAT-WA03",331,251,"Pastoral",174.210241450866,-39.5762833937108,116,333,"1990-2017","Worsening","0-1% worsening"
"2509",2509,"NAT-WA03",331,322,"Pastoral",174.210241450866,-39.5762833937108,116,333,"1990-2017","Worsening","0-1% worsening"
"2513",2513,"NAT-WA03",116,120,"Pastoral",174.210241450866,-39.5762833937108,116,333,"1990-2017","Worsening","0-1% worsening"
"2515",2515,"NAT-WA03",116,251,"Pastoral",174.210241450866,-39.5762833937108,116,333,"1990-2017","Worsening","0-1% worsening"
"2518",2518,"NAT-WA03",116,322,"Pastoral",174.210241450866,-39.5762833937108,116,333,"1990-2017","Worsening","0-1% worsening"
"2522",2522,"NAT-WA04",249,118,"Pastoral",175.14255,-39.7868799999999,118,332,"1990-2017","Indeterminate","0-1% improving"
"2524",2524,"NAT-WA04",249,321,"Pastoral",175.14255,-39.7868799999999,118,332,"1990-2017","Indeterminate","0-1% improving"
"2527",2527,"NAT-WA04",249,250,"Pastoral",175.14255,-39.7868799999999,118,332,"1990-2017","Indeterminate","0-1% improving"
"2531",2531,"NAT-WA04",118,118,"Pastoral",175.14255,-39.7868799999999,118,332,"1990-2017","Indeterminate","0-1% improving"
"2533",2533,"NAT-WA04",118,321,"Pastoral",175.14255,-39.7868799999999,118,332,"1990-2017","Indeterminate","0-1% improving"
"2536",2536,"NAT-WA04",118,250,"Pastoral",175.14255,-39.7868799999999,118,332,"1990-2017","Indeterminate","0-1% improving"
"2540",2540,"NAT-WA04",332,118,"Pastoral",175.14255,-39.7868799999999,118,332,"1990-2017","Indeterminate","0-1% improving"
"2542",2542,"NAT-WA04",332,321,"Pastoral",175.14255,-39.7868799999999,118,332,"1990-2017","Indeterminate","0-1% improving"
"2545",2545,"NAT-WA04",332,250,"Pastoral",175.14255,-39.7868799999999,118,332,"1990-2017","Indeterminate","0-1% improving"
"2548",2548,"NAT-WA05",120,120,"Pastoral",175.80811,-39.8094199999999,120,334,"1990-2017","Worsening","1-2% worsening"
"2551",2551,"NAT-WA05",120,322,"Pastoral",175.80811,-39.8094199999999,120,334,"1990-2017","Worsening","1-2% worsening"
"2553",2553,"NAT-WA05",120,251,"Pastoral",175.80811,-39.8094199999999,120,334,"1990-2017","Worsening","1-2% worsening"
"2557",2557,"NAT-WA05",251,120,"Pastoral",175.80811,-39.8094199999999,120,334,"1990-2017","Worsening","1-2% worsening"
"2560",2560,"NAT-WA05",251,322,"Pastoral",175.80811,-39.8094199999999,120,334,"1990-2017","Worsening","1-2% worsening"
"2562",2562,"NAT-WA05",251,251,"Pastoral",175.80811,-39.8094199999999,120,334,"1990-2017","Worsening","1-2% worsening"
"2566",2566,"NAT-WA05",334,120,"Pastoral",175.80811,-39.8094199999999,120,334,"1990-2017","Worsening","1-2% worsening"
"2569",2569,"NAT-WA05",334,322,"Pastoral",175.80811,-39.8094199999999,120,334,"1990-2017","Worsening","1-2% worsening"
"2571",2571,"NAT-WA05",334,251,"Pastoral",175.80811,-39.8094199999999,120,334,"1990-2017","Worsening","1-2% worsening"
"2576",2576,"NAT-WA07",120,252,"Pastoral",176.11638,-40.2394699999999,120,334,"1990-2017","Worsening","0-1% worsening"
"2579",2579,"NAT-WA07",120,120,"Pastoral",176.11638,-40.2394699999999,120,334,"1990-2017","Worsening","0-1% worsening"
"2582",2582,"NAT-WA07",120,323,"Pastoral",176.11638,-40.2394699999999,120,334,"1990-2017","Worsening","0-1% worsening"
"2585",2585,"NAT-WA07",335,252,"Pastoral",176.11638,-40.2394699999999,120,334,"1990-2017","Worsening","0-1% worsening"
"2588",2588,"NAT-WA07",335,120,"Pastoral",176.11638,-40.2394699999999,120,334,"1990-2017","Worsening","0-1% worsening"
"2591",2591,"NAT-WA07",335,323,"Pastoral",176.11638,-40.2394699999999,120,334,"1990-2017","Worsening","0-1% worsening"
"2594",2594,"NAT-WA07",252,252,"Pastoral",176.11638,-40.2394699999999,120,334,"1990-2017","Worsening","0-1% worsening"
"2597",2597,"NAT-WA07",252,120,"Pastoral",176.11638,-40.2394699999999,120,334,"1990-2017","Worsening","0-1% worsening"
"2600",2600,"NAT-WA07",252,323,"Pastoral",176.11638,-40.2394699999999,120,334,"1990-2017","Worsening","0-1% worsening"
"2603",2603,"NAT-WA09",119,251,"Pastoral",175.46978,-40.4353499999999,119,333,"1990-2017","Improving",">2% improving"
"2604",2604,"NAT-WA09",119,119,"Pastoral",175.46978,-40.4353499999999,119,333,"1990-2017","Improving",">2% improving"
"2608",2608,"NAT-WA09",119,322,"Pastoral",175.46978,-40.4353499999999,119,333,"1990-2017","Improving",">2% improving"
"2612",2612,"NAT-WA09",333,251,"Pastoral",175.46978,-40.4353499999999,119,333,"1990-2017","Improving",">2% improving"
"2613",2613,"NAT-WA09",333,119,"Pastoral",175.46978,-40.4353499999999,119,333,"1990-2017","Improving",">2% improving"
"2617",2617,"NAT-WA09",333,322,"Pastoral",175.46978,-40.4353499999999,119,333,"1990-2017","Improving",">2% improving"
"2621",2621,"NAT-WA09",251,251,"Pastoral",175.46978,-40.4353499999999,119,333,"1990-2017","Improving",">2% improving"
"2622",2622,"NAT-WA09",251,119,"Pastoral",175.46978,-40.4353499999999,119,333,"1990-2017","Improving",">2% improving"
"2626",2626,"NAT-WA09",251,322,"Pastoral",175.46978,-40.4353499999999,119,333,"1990-2017","Improving",">2% improving"
"2629",2629,"NAT-WH01",252,252,"Native",173.6881075,-35.27339106,120,336,"1990-2017","Indeterminate","0-1% improving"
"2630",2630,"NAT-WH01",252,324,"Native",173.6881075,-35.27339106,120,336,"1990-2017","Indeterminate","0-1% improving"
"2633",2633,"NAT-WH01",252,120,"Native",173.6881075,-35.27339106,120,336,"1990-2017","Indeterminate","0-1% improving"
"2638",2638,"NAT-WH01",120,252,"Native",173.6881075,-35.27339106,120,336,"1990-2017","Indeterminate","0-1% improving"
"2639",2639,"NAT-WH01",120,324,"Native",173.6881075,-35.27339106,120,336,"1990-2017","Indeterminate","0-1% improving"
"2642",2642,"NAT-WH01",120,120,"Native",173.6881075,-35.27339106,120,336,"1990-2017","Indeterminate","0-1% improving"
"2647",2647,"NAT-WH01",336,252,"Native",173.6881075,-35.27339106,120,336,"1990-2017","Indeterminate","0-1% improving"
"2648",2648,"NAT-WH01",336,324,"Native",173.6881075,-35.27339106,120,336,"1990-2017","Indeterminate","0-1% improving"
"2651",2651,"NAT-WH01",336,120,"Native",173.6881075,-35.27339106,120,336,"1990-2017","Indeterminate","0-1% improving"
"2657",2657,"NAT-WH02",336,324,"Pastoral",174.0475414,-35.27634202,120,334,"1990-2017","Worsening","1-2% worsening"
"2659",2659,"NAT-WH02",336,120,"Pastoral",174.0475414,-35.27634202,120,334,"1990-2017","Worsening","1-2% worsening"
"2662",2662,"NAT-WH02",336,252,"Pastoral",174.0475414,-35.27634202,120,334,"1990-2017","Worsening","1-2% worsening"
"2666",2666,"NAT-WH02",252,324,"Pastoral",174.0475414,-35.27634202,120,334,"1990-2017","Worsening","1-2% worsening"
"2668",2668,"NAT-WH02",252,120,"Pastoral",174.0475414,-35.27634202,120,334,"1990-2017","Worsening","1-2% worsening"
"2671",2671,"NAT-WH02",252,252,"Pastoral",174.0475414,-35.27634202,120,334,"1990-2017","Worsening","1-2% worsening"
"2675",2675,"NAT-WH02",120,324,"Pastoral",174.0475414,-35.27634202,120,334,"1990-2017","Worsening","1-2% worsening"
"2677",2677,"NAT-WH02",120,120,"Pastoral",174.0475414,-35.27634202,120,334,"1990-2017","Worsening","1-2% worsening"
"2680",2680,"NAT-WH02",120,252,"Pastoral",174.0475414,-35.27634202,120,334,"1990-2017","Worsening","1-2% worsening"
"2684",2684,"NAT-WH03",120,324,"Pastoral",174.0505,-35.73416,120,335,"1990-2017","Worsening","0-1% worsening"
"2685",2685,"NAT-WH03",120,252,"Pastoral",174.0505,-35.73416,120,335,"1990-2017","Worsening","0-1% worsening"
"2687",2687,"NAT-WH03",120,120,"Pastoral",174.0505,-35.73416,120,335,"1990-2017","Worsening","0-1% worsening"
"2693",2693,"NAT-WH03",336,324,"Pastoral",174.0505,-35.73416,120,335,"1990-2017","Worsening","0-1% worsening"
"2694",2694,"NAT-WH03",336,252,"Pastoral",174.0505,-35.73416,120,335,"1990-2017","Worsening","0-1% worsening"
"2696",2696,"NAT-WH03",336,120,"Pastoral",174.0505,-35.73416,120,335,"1990-2017","Worsening","0-1% worsening"
"2702",2702,"NAT-WH03",252,324,"Pastoral",174.0505,-35.73416,120,335,"1990-2017","Worsening","0-1% worsening"
"2703",2703,"NAT-WH03",252,252,"Pastoral",174.0505,-35.73416,120,335,"1990-2017","Worsening","0-1% worsening"
"2705",2705,"NAT-WH03",252,120,"Pastoral",174.0505,-35.73416,120,335,"1990-2017","Worsening","0-1% worsening"
"2711",2711,"NAT-WH04",252,120,"Pastoral",174.15189542,-35.65281793,120,336,"1990-2017","Worsening","0-1% worsening"
"2712",2712,"NAT-WH04",252,323,"Pastoral",174.15189542,-35.65281793,120,336,"1990-2017","Worsening","0-1% worsening"
"2714",2714,"NAT-WH04",252,251,"Pastoral",174.15189542,-35.65281793,120,336,"1990-2017","Worsening","0-1% worsening"
"2720",2720,"NAT-WH04",336,120,"Pastoral",174.15189542,-35.65281793,120,336,"1990-2017","Worsening","0-1% worsening"
"2721",2721,"NAT-WH04",336,323,"Pastoral",174.15189542,-35.65281793,120,336,"1990-2017","Worsening","0-1% worsening"
"2723",2723,"NAT-WH04",336,251,"Pastoral",174.15189542,-35.65281793,120,336,"1990-2017","Worsening","0-1% worsening"
"2729",2729,"NAT-WH04",120,120,"Pastoral",174.15189542,-35.65281793,120,336,"1990-2017","Worsening","0-1% worsening"
"2730",2730,"NAT-WH04",120,323,"Pastoral",174.15189542,-35.65281793,120,336,"1990-2017","Worsening","0-1% worsening"
"2732",2732,"NAT-WH04",120,251,"Pastoral",174.15189542,-35.65281793,120,336,"1990-2017","Worsening","0-1% worsening"
"2737",2737,"NAT-WN01",120,251,"Native",174.92047746,-41.19670926,120,336,"1990-2017","Improving","1-2% improving"
"2739",2739,"NAT-WN01",120,120,"Native",174.92047746,-41.19670926,120,336,"1990-2017","Improving","1-2% improving"
"2744",2744,"NAT-WN01",120,323,"Native",174.92047746,-41.19670926,120,336,"1990-2017","Improving","1-2% improving"
"2746",2746,"NAT-WN01",336,251,"Native",174.92047746,-41.19670926,120,336,"1990-2017","Improving","1-2% improving"
"2748",2748,"NAT-WN01",336,120,"Native",174.92047746,-41.19670926,120,336,"1990-2017","Improving","1-2% improving"
"2753",2753,"NAT-WN01",336,323,"Native",174.92047746,-41.19670926,120,336,"1990-2017","Improving","1-2% improving"
"2755",2755,"NAT-WN01",252,251,"Native",174.92047746,-41.19670926,120,336,"1990-2017","Improving","1-2% improving"
"2757",2757,"NAT-WN01",252,120,"Native",174.92047746,-41.19670926,120,336,"1990-2017","Improving","1-2% improving"
"2762",2762,"NAT-WN01",252,323,"Native",174.92047746,-41.19670926,120,336,"1990-2017","Improving","1-2% improving"
"2765",2765,"NAT-WN02",335,323,"Native",175.19123118,-41.05101129,119,335,"1990-2017","Worsening","0-1% worsening"
"2767",2767,"NAT-WN02",335,251,"Native",175.19123118,-41.05101129,119,335,"1990-2017","Worsening","0-1% worsening"
"2770",2770,"NAT-WN02",335,119,"Native",175.19123118,-41.05101129,119,335,"1990-2017","Worsening","0-1% worsening"
"2774",2774,"NAT-WN02",251,323,"Native",175.19123118,-41.05101129,119,335,"1990-2017","Worsening","0-1% worsening"
"2776",2776,"NAT-WN02",251,251,"Native",175.19123118,-41.05101129,119,335,"1990-2017","Worsening","0-1% worsening"
"2779",2779,"NAT-WN02",251,119,"Native",175.19123118,-41.05101129,119,335,"1990-2017","Worsening","0-1% worsening"
"2783",2783,"NAT-WN02",119,323,"Native",175.19123118,-41.05101129,119,335,"1990-2017","Worsening","0-1% worsening"
"2785",2785,"NAT-WN02",119,251,"Native",175.19123118,-41.05101129,119,335,"1990-2017","Worsening","0-1% worsening"
"2788",2788,"NAT-WN02",119,119,"Native",175.19123118,-41.05101129,119,335,"1990-2017","Worsening","0-1% worsening"
"2791",2791,"NAT-WN03",120,252,"Pastoral",175.43999678,-41.19685836,120,332,"1990-2017","Improving","1-2% improving"
"2793",2793,"NAT-WN03",120,324,"Pastoral",175.43999678,-41.19685836,120,332,"1990-2017","Improving","1-2% improving"
"2795",2795,"NAT-WN03",120,120,"Pastoral",175.43999678,-41.19685836,120,332,"1990-2017","Improving","1-2% improving"
"2800",2800,"NAT-WN03",335,252,"Pastoral",175.43999678,-41.19685836,120,332,"1990-2017","Improving","1-2% improving"
"2802",2802,"NAT-WN03",335,324,"Pastoral",175.43999678,-41.19685836,120,332,"1990-2017","Improving","1-2% improving"
"2804",2804,"NAT-WN03",335,120,"Pastoral",175.43999678,-41.19685836,120,332,"1990-2017","Improving","1-2% improving"
"2809",2809,"NAT-WN03",252,252,"Pastoral",175.43999678,-41.19685836,120,332,"1990-2017","Improving","1-2% improving"
"2811",2811,"NAT-WN03",252,324,"Pastoral",175.43999678,-41.19685836,120,332,"1990-2017","Improving","1-2% improving"
"2813",2813,"NAT-WN03",252,120,"Pastoral",175.43999678,-41.19685836,120,332,"1990-2017","Improving","1-2% improving"
"2817",2817,"NAT-WN05",119,119,"Native",175.6050745,-40.76212132,119,335,"1990-2017","Improving","0-1% improving"
"2822",2822,"NAT-WN05",119,323,"Native",175.6050745,-40.76212132,119,335,"1990-2017","Improving","0-1% improving"
"2823",2823,"NAT-WN05",119,251,"Native",175.6050745,-40.76212132,119,335,"1990-2017","Improving","0-1% improving"
"2826",2826,"NAT-WN05",335,119,"Native",175.6050745,-40.76212132,119,335,"1990-2017","Improving","0-1% improving"
"2831",2831,"NAT-WN05",335,323,"Native",175.6050745,-40.76212132,119,335,"1990-2017","Improving","0-1% improving"
"2832",2832,"NAT-WN05",335,251,"Native",175.6050745,-40.76212132,119,335,"1990-2017","Improving","0-1% improving"
"2835",2835,"NAT-WN05",251,119,"Native",175.6050745,-40.76212132,119,335,"1990-2017","Improving","0-1% improving"
"2840",2840,"NAT-WN05",251,323,"Native",175.6050745,-40.76212132,119,335,"1990-2017","Improving","0-1% improving"
"2841",2841,"NAT-WN05",251,251,"Native",175.6050745,-40.76212132,119,335,"1990-2017","Improving","0-1% improving"
"2926",2926,"ORC-00049",40,81,"Pastoral",168.81436833,-44.96747122,40,110,"1990-2017","Improving","1-2% improving"
"2927",2927,"ORC-00049",40,103,"Pastoral",168.81436833,-44.96747122,77,110,"1990-2017","Improving","1-2% improving"
"2932",2932,"ORC-00049",40,81,"Pastoral",168.81436833,-44.96747122,77,110,"1990-2017","Improving","1-2% improving"
"2934",2934,"ORC-00049",40,40,"Pastoral",168.81436833,-44.96747122,77,110,"1990-2017","Improving","1-2% improving"
"2938",2938,"ORC-00049",40,103,"Pastoral",168.81436833,-44.96747122,40,110,"1990-2017","Improving","1-2% improving"
"2940",2940,"ORC-00049",40,40,"Pastoral",168.81436833,-44.96747122,40,110,"1990-2017","Improving","1-2% improving"
"2955",2955,"ORC-00071",36,103,"Pastoral",169.95433519,-45.32616959,78,111,"1990-2017","Indeterminate","0-1% improving"
"2957",2957,"ORC-00071",36,83,"Pastoral",169.95433519,-45.32616959,78,111,"1990-2017","Indeterminate","0-1% improving"
"2960",2960,"ORC-00071",36,40,"Pastoral",169.95433519,-45.32616959,40,111,"1990-2017","Indeterminate","0-1% improving"
"2963",2963,"ORC-00071",36,83,"Pastoral",169.95433519,-45.32616959,40,111,"1990-2017","Indeterminate","0-1% improving"
"2968",2968,"ORC-00071",36,40,"Pastoral",169.95433519,-45.32616959,78,111,"1990-2017","Indeterminate","0-1% improving"
"2971",2971,"ORC-00071",36,103,"Pastoral",169.95433519,-45.32616959,40,111,"1990-2017","Indeterminate","0-1% improving"
"2992",2992,"ORC-00095",40,101,"Urban area",170.51746769,-45.86223451,40,111,"1990-2017","Improving",">2% improving"
"2998",2998,"ORC-00095",40,40,"Urban area",170.51746769,-45.86223451,40,111,"1990-2017","Improving",">2% improving"
"2999",2999,"ORC-00095",40,101,"Urban area",170.51746769,-45.86223451,78,111,"1990-2017","Improving",">2% improving"
"3001",3001,"ORC-00095",40,40,"Urban area",170.51746769,-45.86223451,78,111,"1990-2017","Improving",">2% improving"
"3004",3004,"ORC-00095",40,82,"Urban area",170.51746769,-45.86223451,40,111,"1990-2017","Improving",">2% improving"
"3007",3007,"ORC-00095",40,82,"Urban area",170.51746769,-45.86223451,78,111,"1990-2017","Improving",">2% improving"
"3011",3011,"ORC-00103",40,101,"Pastoral",169.11690806,-44.75005579,40,104,"1990-2017","Improving",">2% improving"
"3013",3013,"ORC-00103",40,101,"Pastoral",169.11690806,-44.75005579,77,104,"1990-2017","Improving",">2% improving"
"3019",3019,"ORC-00103",40,40,"Pastoral",169.11690806,-44.75005579,77,104,"1990-2017","Improving",">2% improving"
"3022",3022,"ORC-00103",40,83,"Pastoral",169.11690806,-44.75005579,40,104,"1990-2017","Improving",">2% improving"
"3025",3025,"ORC-00103",40,83,"Pastoral",169.11690806,-44.75005579,77,104,"1990-2017","Improving",">2% improving"
"3027",3027,"ORC-00103",40,40,"Pastoral",169.11690806,-44.75005579,40,104,"1990-2017","Improving",">2% improving"
